pc,n_label,skew_rate_label,kv_big_label,kp_label,alpha,n_samples
0,n<=128,sr<=15%,kvB<=1k,kp=0,0.0746,4
0,n<=128,sr<=15%,kvB<=2k,kp=0,0.0564,2
0,n<=128,sr<=40%,kvB<=1k,kp=0,0.0755,2
0,n<=128,sr<=40%,kvB<=2k,kp=0,-0.0162,1
0,n<=128,sr<=5%,kvB<=1k,kp=0,0.0251,8
0,n<=128,sr<=5%,kvB<=2k,kp=0,0.0372,4
0,n<=128,sr<=70%,kvB<=1k,kp=0,-0.0177,2
0,n<=128,sr<=70%,kvB<=2k,kp=0,-0.0397,1
0,n<=128,sr>70%,kvB<=1k,kp=0,0.2442,4
0,n<=128,sr>70%,kvB<=2k,kp=0,0.0995,2
0,n<=16,sr<=15%,kvB<=1k,kp=0,0.4538,4
0,n<=16,sr<=15%,kvB<=2k,kp=0,0.4421,2
0,n<=16,sr<=40%,kvB<=1k,kp=0,0.3735,4
0,n<=16,sr<=40%,kvB<=2k,kp=0,0.3389,2
0,n<=16,sr<=70%,kvB<=1k,kp=0,0.0438,2
0,n<=16,sr<=70%,kvB<=2k,kp=0,-0.0058,1
0,n<=16,sr>70%,kvB<=1k,kp=0,0.9227,4
0,n<=16,sr>70%,kvB<=2k,kp=0,0.9598,2
0,n<=2,sr<=70%,kvB<=1k,kp=0,0.9907,2
0,n<=2,sr<=70%,kvB<=2k,kp=0,0.9956,1
0,n<=256,sr<=15%,kvB<=1k,kp=0,0.0759,4
0,n<=256,sr<=15%,kvB<=2k,kp=0,0.0443,2
0,n<=256,sr<=40%,kvB<=1k,kp=0,0.1127,2
0,n<=256,sr<=40%,kvB<=2k,kp=0,-0.0017,1
0,n<=256,sr<=5%,kvB<=1k,kp=0,0.0061,8
0,n<=256,sr<=5%,kvB<=2k,kp=0,0.0075,4
0,n<=256,sr<=70%,kvB<=1k,kp=0,0.0482,2
0,n<=256,sr<=70%,kvB<=2k,kp=0,-0.0046,1
0,n<=256,sr>70%,kvB<=1k,kp=0,0.2641,4
0,n<=256,sr>70%,kvB<=2k,kp=0,0.1016,2
0,n<=32,sr<=15%,kvB<=1k,kp=0,0.1768,6
0,n<=32,sr<=15%,kvB<=2k,kp=0,0.146,3
0,n<=32,sr<=40%,kvB<=1k,kp=0,0.1054,2
0,n<=32,sr<=40%,kvB<=2k,kp=0,0.0391,1
0,n<=32,sr<=5%,kvB<=1k,kp=0,0.1027,2
0,n<=32,sr<=5%,kvB<=2k,kp=0,0.127,1
0,n<=32,sr<=70%,kvB<=1k,kp=0,-0.1872,2
0,n<=32,sr<=70%,kvB<=2k,kp=0,-0.1945,1
0,n<=32,sr>70%,kvB<=1k,kp=0,-0.2656,4
0,n<=32,sr>70%,kvB<=2k,kp=0,-0.4529,2
0,n<=4,sr<=40%,kvB<=1k,kp=0,0.9801,4
0,n<=4,sr<=40%,kvB<=2k,kp=0,0.9795,2
0,n<=4,sr<=70%,kvB<=1k,kp=0,0.9736,2
0,n<=4,sr<=70%,kvB<=2k,kp=0,0.9825,1
0,n<=4,sr>70%,kvB<=1k,kp=0,0.9783,2
0,n<=4,sr>70%,kvB<=2k,kp=0,0.9593,1
0,n<=512,sr<=15%,kvB<=1k,kp=0,0.1408,2
0,n<=512,sr<=15%,kvB<=2k,kp=0,0.0461,2
0,n<=512,sr<=40%,kvB<=1k,kp=0,0.2168,1
0,n<=512,sr<=40%,kvB<=2k,kp=0,-0.0013,1
0,n<=512,sr<=5%,kvB<=1k,kp=0,0.0005,4
0,n<=512,sr<=5%,kvB<=2k,kp=0,0.0018,4
0,n<=512,sr<=70%,kvB<=1k,kp=0,0.2171,1
0,n<=512,sr<=70%,kvB<=2k,kp=0,3.6975,1
0,n<=512,sr>70%,kvB<=2k,kp=0,-0.5692,2
0,n<=64,sr<=15%,kvB<=1k,kp=0,0.109,4
0,n<=64,sr<=15%,kvB<=2k,kp=0,0.0988,2
0,n<=64,sr<=40%,kvB<=1k,kp=0,0.1422,2
0,n<=64,sr<=40%,kvB<=2k,kp=0,0.0407,1
0,n<=64,sr<=5%,kvB<=1k,kp=0,0.0528,6
0,n<=64,sr<=5%,kvB<=2k,kp=0,0.0763,3
0,n<=64,sr<=70%,kvB<=1k,kp=0,-0.0216,2
0,n<=64,sr<=70%,kvB<=2k,kp=0,-0.1019,1
0,n<=64,sr>70%,kvB<=1k,kp=0,0.1311,4
0,n<=64,sr>70%,kvB<=2k,kp=0,-0.0989,2
0,n<=8,sr<=15%,kvB<=1k,kp=0,0.9475,4
0,n<=8,sr<=15%,kvB<=2k,kp=0,0.9748,2
0,n<=8,sr<=40%,kvB<=1k,kp=0,0.9408,4
0,n<=8,sr<=40%,kvB<=2k,kp=0,0.9571,2
0,n<=8,sr<=70%,kvB<=1k,kp=0,0.9366,2
0,n<=8,sr<=70%,kvB<=2k,kp=0,0.9542,1
0,n<=8,sr>70%,kvB<=1k,kp=0,0.9435,4
0,n<=8,sr>70%,kvB<=2k,kp=0,0.969,2
0,n<=984,sr<=15%,kvB<=1k,kp=0,0.9881,2
0,n<=984,sr<=15%,kvB<=2k,kp=0,-0.0649,2
0,n<=984,sr<=40%,kvB<=1k,kp=0,0.0483,1
0,n<=984,sr<=40%,kvB<=2k,kp=0,-9.4454,1
0,n<=984,sr<=5%,kvB<=1k,kp=0,0.2579,3
0,n<=984,sr<=5%,kvB<=2k,kp=0,-0.0099,4
0,n<=984,sr<=70%,kvB<=2k,kp=0,0.0001,1
0,n<=984,sr>70%,kvB<=1k,kp=0,0.1055,2
0,n<=984,sr>70%,kvB<=2k,kp=0,-0.4911,2
16,n<=128,sr<=15%,kvB<=1k,kp<=1k,0.0541,4
16,n<=128,sr<=15%,kvB<=1k,kp<=2k,0.0552,4
16,n<=128,sr<=15%,kvB<=1k,kp<=512,0.0749,4
16,n<=128,sr<=15%,kvB<=1k,kp=0,0.0737,4
16,n<=128,sr<=15%,kvB<=2k,kp<=1k,0.0566,2
16,n<=128,sr<=15%,kvB<=2k,kp<=2k,0.0304,2
16,n<=128,sr<=15%,kvB<=2k,kp<=512,0.0579,2
16,n<=128,sr<=15%,kvB<=2k,kp=0,0.0572,2
16,n<=128,sr<=40%,kvB<=1k,kp<=1k,0.097,2
16,n<=128,sr<=40%,kvB<=1k,kp<=2k,0.0918,2
16,n<=128,sr<=40%,kvB<=1k,kp<=512,0.0823,2
16,n<=128,sr<=40%,kvB<=1k,kp=0,0.0783,2
16,n<=128,sr<=40%,kvB<=2k,kp<=1k,-0.0145,1
16,n<=128,sr<=40%,kvB<=2k,kp<=2k,0.0116,1
16,n<=128,sr<=40%,kvB<=2k,kp<=512,-0.0137,1
16,n<=128,sr<=40%,kvB<=2k,kp=0,-0.0156,1
16,n<=128,sr<=5%,kvB<=1k,kp<=1k,0.0004,8
16,n<=128,sr<=5%,kvB<=1k,kp<=2k,-0.0027,8
16,n<=128,sr<=5%,kvB<=1k,kp<=512,0.0257,8
16,n<=128,sr<=5%,kvB<=1k,kp=0,0.0242,8
16,n<=128,sr<=5%,kvB<=2k,kp<=1k,0.0368,4
16,n<=128,sr<=5%,kvB<=2k,kp<=2k,0.0026,4
16,n<=128,sr<=5%,kvB<=2k,kp<=512,0.0365,4
16,n<=128,sr<=5%,kvB<=2k,kp=0,0.0366,4
16,n<=128,sr<=70%,kvB<=1k,kp<=1k,0.023,2
16,n<=128,sr<=70%,kvB<=1k,kp<=2k,0.012,2
16,n<=128,sr<=70%,kvB<=1k,kp<=512,-0.0074,2
16,n<=128,sr<=70%,kvB<=1k,kp=0,-0.0163,2
16,n<=128,sr<=70%,kvB<=2k,kp<=1k,-0.0184,1
16,n<=128,sr<=70%,kvB<=2k,kp<=2k,-0.0184,1
16,n<=128,sr<=70%,kvB<=2k,kp<=512,-0.0256,1
16,n<=128,sr<=70%,kvB<=2k,kp=0,-0.0352,1
16,n<=128,sr>70%,kvB<=1k,kp<=1k,0.276,4
16,n<=128,sr>70%,kvB<=1k,kp<=2k,0.2344,4
16,n<=128,sr>70%,kvB<=1k,kp<=512,0.2422,4
16,n<=128,sr>70%,kvB<=1k,kp=0,0.2405,4
16,n<=128,sr>70%,kvB<=2k,kp<=1k,0.1206,2
16,n<=128,sr>70%,kvB<=2k,kp<=2k,0.1088,2
16,n<=128,sr>70%,kvB<=2k,kp<=512,0.1123,2
16,n<=128,sr>70%,kvB<=2k,kp=0,0.1099,2
16,n<=16,sr<=15%,kvB<=1k,kp<=1k,-0.0394,4
16,n<=16,sr<=15%,kvB<=1k,kp<=2k,-0.0268,4
16,n<=16,sr<=15%,kvB<=1k,kp<=512,0.3289,4
16,n<=16,sr<=15%,kvB<=1k,kp=0,0.4507,4
16,n<=16,sr<=15%,kvB<=2k,kp<=1k,0.3578,2
16,n<=16,sr<=15%,kvB<=2k,kp<=2k,-0.053,2
16,n<=16,sr<=15%,kvB<=2k,kp<=512,0.4526,2
16,n<=16,sr<=15%,kvB<=2k,kp=0,0.442,2
16,n<=16,sr<=40%,kvB<=1k,kp<=1k,-0.1649,4
16,n<=16,sr<=40%,kvB<=1k,kp<=2k,-0.1569,4
16,n<=16,sr<=40%,kvB<=1k,kp<=512,0.2762,4
16,n<=16,sr<=40%,kvB<=1k,kp=0,0.3759,4
16,n<=16,sr<=40%,kvB<=2k,kp<=1k,0.295,2
16,n<=16,sr<=40%,kvB<=2k,kp<=2k,-0.2337,2
16,n<=16,sr<=40%,kvB<=2k,kp<=512,0.3543,2
16,n<=16,sr<=40%,kvB<=2k,kp=0,0.3412,2
16,n<=16,sr<=70%,kvB<=1k,kp<=1k,0.2558,2
16,n<=16,sr<=70%,kvB<=1k,kp<=2k,0.245,2
16,n<=16,sr<=70%,kvB<=1k,kp<=512,0.5577,2
16,n<=16,sr<=70%,kvB<=1k,kp=0,0.4496,2
16,n<=16,sr<=70%,kvB<=2k,kp<=1k,0.44,1
16,n<=16,sr<=70%,kvB<=2k,kp<=2k,-0.0826,1
16,n<=16,sr<=70%,kvB<=2k,kp<=512,0.4197,1
16,n<=16,sr<=70%,kvB<=2k,kp=0,0.1444,1
16,n<=16,sr>70%,kvB<=1k,kp<=1k,0.7465,4
16,n<=16,sr>70%,kvB<=1k,kp<=2k,0.6389,4
16,n<=16,sr>70%,kvB<=1k,kp<=512,0.8688,4
16,n<=16,sr>70%,kvB<=1k,kp=0,0.8811,4
16,n<=16,sr>70%,kvB<=2k,kp<=1k,0.9281,2
16,n<=16,sr>70%,kvB<=2k,kp<=2k,0.8832,2
16,n<=16,sr>70%,kvB<=2k,kp<=512,0.9519,2
16,n<=16,sr>70%,kvB<=2k,kp=0,0.9439,2
16,n<=2,sr<=70%,kvB<=1k,kp<=1k,0.1138,2
16,n<=2,sr<=70%,kvB<=1k,kp<=2k,-0.1089,2
16,n<=2,sr<=70%,kvB<=1k,kp<=512,0.9896,2
16,n<=2,sr<=70%,kvB<=1k,kp=0,0.9841,2
16,n<=2,sr<=70%,kvB<=2k,kp<=1k,0.9947,1
16,n<=2,sr<=70%,kvB<=2k,kp<=512,0.996,1
16,n<=2,sr<=70%,kvB<=2k,kp=0,0.993,1
16,n<=32,sr<=15%,kvB<=1k,kp<=1k,0.1366,6
16,n<=32,sr<=15%,kvB<=1k,kp<=2k,0.2005,6
16,n<=32,sr<=15%,kvB<=1k,kp<=512,0.2147,6
16,n<=32,sr<=15%,kvB<=1k,kp=0,0.1898,9
16,n<=32,sr<=15%,kvB<=2k,kp<=1k,0.187,3
16,n<=32,sr<=15%,kvB<=2k,kp<=2k,0.0862,3
16,n<=32,sr<=15%,kvB<=2k,kp<=512,0.1891,3
16,n<=32,sr<=15%,kvB<=2k,kp=0,0.1586,4
16,n<=32,sr<=40%,kvB<=1k,kp<=1k,0.1828,2
16,n<=32,sr<=40%,kvB<=1k,kp<=2k,0.2834,2
16,n<=32,sr<=40%,kvB<=1k,kp<=512,0.1915,2
16,n<=32,sr<=40%,kvB<=1k,kp=0,0.108,2
16,n<=32,sr<=40%,kvB<=2k,kp<=1k,0.1117,1
16,n<=32,sr<=40%,kvB<=2k,kp<=2k,0.1152,1
16,n<=32,sr<=40%,kvB<=2k,kp<=512,0.0371,1
16,n<=32,sr<=40%,kvB<=2k,kp=0,0.0296,1
16,n<=32,sr<=5%,kvB<=1k,kp<=1k,0.1169,2
16,n<=32,sr<=5%,kvB<=1k,kp<=2k,0.1717,2
16,n<=32,sr<=5%,kvB<=1k,kp<=512,0.104,2
16,n<=32,sr<=5%,kvB<=1k,kp=0,0.1003,2
16,n<=32,sr<=5%,kvB<=2k,kp<=1k,0.1304,1
16,n<=32,sr<=5%,kvB<=2k,kp<=2k,0.1102,1
16,n<=32,sr<=5%,kvB<=2k,kp<=512,0.125,1
16,n<=32,sr<=5%,kvB<=2k,kp=0,0.1294,1
16,n<=32,sr<=70%,kvB<=1k,kp<=1k,0.0549,2
16,n<=32,sr<=70%,kvB<=1k,kp<=2k,0.1605,2
16,n<=32,sr<=70%,kvB<=1k,kp<=512,0.0168,2
16,n<=32,sr<=70%,kvB<=1k,kp=0,-0.1694,2
16,n<=32,sr<=70%,kvB<=2k,kp<=1k,-0.0349,1
16,n<=32,sr<=70%,kvB<=2k,kp<=2k,-0.0002,1
16,n<=32,sr<=70%,kvB<=2k,kp<=512,-0.1861,1
16,n<=32,sr<=70%,kvB<=2k,kp=0,-0.1982,1
16,n<=32,sr>70%,kvB<=1k,kp<=1k,-0.1388,4
16,n<=32,sr>70%,kvB<=1k,kp<=2k,0.5718,4
16,n<=32,sr>70%,kvB<=1k,kp<=512,-0.2248,4
16,n<=32,sr>70%,kvB<=1k,kp=0,-0.29,4
16,n<=32,sr>70%,kvB<=2k,kp<=1k,-0.4418,2
16,n<=32,sr>70%,kvB<=2k,kp<=2k,-0.4455,2
16,n<=32,sr>70%,kvB<=2k,kp<=512,-0.443,2
16,n<=32,sr>70%,kvB<=2k,kp=0,-0.4929,2
16,n<=4,sr<=40%,kvB<=1k,kp<=1k,-0.0964,2
16,n<=4,sr<=40%,kvB<=1k,kp<=2k,-0.0625,2
16,n<=4,sr<=40%,kvB<=1k,kp<=512,0.9701,2
16,n<=4,sr<=40%,kvB<=1k,kp=0,0.9762,5
16,n<=4,sr<=40%,kvB<=2k,kp<=1k,0.9856,1
16,n<=4,sr<=40%,kvB<=2k,kp<=2k,-15.1899,1
16,n<=4,sr<=40%,kvB<=2k,kp<=512,0.9834,1
16,n<=4,sr<=40%,kvB<=2k,kp=0,0.9841,2
16,n<=4,sr<=70%,kvB<=1k,kp<=1k,0.047,2
16,n<=4,sr<=70%,kvB<=1k,kp<=2k,-1.8863,2
16,n<=4,sr<=70%,kvB<=1k,kp<=512,0.9678,2
16,n<=4,sr<=70%,kvB<=1k,kp=0,0.9805,4
16,n<=4,sr<=70%,kvB<=2k,kp<=1k,0.9875,1
16,n<=4,sr<=70%,kvB<=2k,kp<=2k,-2.2031,1
16,n<=4,sr<=70%,kvB<=2k,kp<=512,0.9779,1
16,n<=4,sr<=70%,kvB<=2k,kp=0,0.9836,1
16,n<=4,sr>70%,kvB<=1k,kp<=1k,0.5578,2
16,n<=4,sr>70%,kvB<=1k,kp<=2k,0.5899,2
16,n<=4,sr>70%,kvB<=1k,kp<=512,0.9832,2
16,n<=4,sr>70%,kvB<=1k,kp=0,0.9729,2
16,n<=4,sr>70%,kvB<=2k,kp<=1k,0.9848,1
16,n<=4,sr>70%,kvB<=2k,kp<=2k,-3.2386,1
16,n<=4,sr>70%,kvB<=2k,kp<=512,0.9843,1
16,n<=4,sr>70%,kvB<=2k,kp=0,0.9812,1
16,n<=512,sr<=15%,kvB<=1k,kp<=2k,0.0792,2
16,n<=512,sr<=15%,kvB<=1k,kp<=512,0.0775,2
16,n<=512,sr<=15%,kvB<=1k,kp=0,0.0768,2
16,n<=512,sr<=15%,kvB<=2k,kp<=2k,-0.0731,2
16,n<=512,sr<=15%,kvB<=2k,kp<=512,0.044,2
16,n<=512,sr<=15%,kvB<=2k,kp=0,0.1849,2
16,n<=512,sr<=40%,kvB<=1k,kp<=2k,0.2176,1
16,n<=512,sr<=40%,kvB<=1k,kp<=512,0.2114,1
16,n<=512,sr<=40%,kvB<=1k,kp=0,0.2188,1
16,n<=512,sr<=40%,kvB<=2k,kp<=2k,-0.0071,1
16,n<=512,sr<=40%,kvB<=2k,kp<=512,-0.0064,1
16,n<=512,sr<=40%,kvB<=2k,kp=0,-0.0011,1
16,n<=512,sr<=5%,kvB<=1k,kp<=2k,-0.0694,4
16,n<=512,sr<=5%,kvB<=1k,kp<=512,0.0008,4
16,n<=512,sr<=5%,kvB<=1k,kp=0,0.1724,4
16,n<=512,sr<=5%,kvB<=2k,kp<=2k,0.0013,4
16,n<=512,sr<=5%,kvB<=2k,kp<=512,0.0562,4
16,n<=512,sr<=5%,kvB<=2k,kp=0,0.0015,4
16,n<=512,sr<=70%,kvB<=1k,kp<=2k,0.2107,1
16,n<=512,sr<=70%,kvB<=1k,kp<=512,0.2114,1
16,n<=512,sr<=70%,kvB<=2k,kp<=2k,-0.0252,1
16,n<=512,sr<=70%,kvB<=2k,kp=0,-0.0059,1
16,n<=512,sr>70%,kvB<=1k,kp<=2k,0.0924,1
16,n<=512,sr>70%,kvB<=1k,kp<=512,0.3865,2
16,n<=512,sr>70%,kvB<=1k,kp=0,0.0192,2
16,n<=512,sr>70%,kvB<=2k,kp<=2k,0.0185,2
16,n<=512,sr>70%,kvB<=2k,kp<=512,2.551,2
16,n<=512,sr>70%,kvB<=2k,kp=0,0.0186,1
16,n<=64,sr<=15%,kvB<=1k,kp<=1k,0.0899,4
16,n<=64,sr<=15%,kvB<=1k,kp<=2k,0.0848,4
16,n<=64,sr<=15%,kvB<=1k,kp<=512,0.1039,4
16,n<=64,sr<=15%,kvB<=1k,kp=0,0.1067,4
16,n<=64,sr<=15%,kvB<=2k,kp<=1k,0.1091,2
16,n<=64,sr<=15%,kvB<=2k,kp<=2k,0.0531,2
16,n<=64,sr<=15%,kvB<=2k,kp<=512,0.1047,2
16,n<=64,sr<=15%,kvB<=2k,kp=0,0.101,2
16,n<=64,sr<=40%,kvB<=1k,kp<=1k,0.1186,2
16,n<=64,sr<=40%,kvB<=1k,kp<=2k,0.1542,2
16,n<=64,sr<=40%,kvB<=1k,kp<=512,0.132,2
16,n<=64,sr<=40%,kvB<=1k,kp=0,0.1384,2
16,n<=64,sr<=40%,kvB<=2k,kp<=1k,0.0452,1
16,n<=64,sr<=40%,kvB<=2k,kp<=2k,0.0319,1
16,n<=64,sr<=40%,kvB<=2k,kp<=512,0.0474,1
16,n<=64,sr<=40%,kvB<=2k,kp=0,0.0397,1
16,n<=64,sr<=5%,kvB<=1k,kp<=1k,0.0152,6
16,n<=64,sr<=5%,kvB<=1k,kp<=2k,0.0473,6
16,n<=64,sr<=5%,kvB<=1k,kp<=512,0.0611,6
16,n<=64,sr<=5%,kvB<=1k,kp=0,0.0516,6
16,n<=64,sr<=5%,kvB<=2k,kp<=1k,0.0902,3
16,n<=64,sr<=5%,kvB<=2k,kp<=2k,0.0199,3
16,n<=64,sr<=5%,kvB<=2k,kp<=512,0.0769,3
16,n<=64,sr<=5%,kvB<=2k,kp=0,0.0771,3
16,n<=64,sr<=70%,kvB<=1k,kp<=1k,0.0322,2
16,n<=64,sr<=70%,kvB<=1k,kp<=2k,0.131,2
16,n<=64,sr<=70%,kvB<=1k,kp<=512,0.0187,2
16,n<=64,sr<=70%,kvB<=1k,kp=0,-0.0118,2
16,n<=64,sr<=70%,kvB<=2k,kp<=1k,-0.0186,1
16,n<=64,sr<=70%,kvB<=2k,kp<=2k,-0.0111,1
16,n<=64,sr<=70%,kvB<=2k,kp<=512,-0.0332,1
16,n<=64,sr<=70%,kvB<=2k,kp=0,-0.0977,1
16,n<=64,sr>70%,kvB<=1k,kp<=1k,0.1627,4
16,n<=64,sr>70%,kvB<=1k,kp<=2k,0.3869,4
16,n<=64,sr>70%,kvB<=1k,kp<=512,0.1432,4
16,n<=64,sr>70%,kvB<=1k,kp=0,0.12,4
16,n<=64,sr>70%,kvB<=2k,kp<=1k,-0.0584,2
16,n<=64,sr>70%,kvB<=2k,kp<=2k,-0.0572,2
16,n<=64,sr>70%,kvB<=2k,kp<=512,-0.063,2
16,n<=64,sr>70%,kvB<=2k,kp=0,-0.1006,2
16,n<=8,sr<=15%,kvB<=1k,kp<=1k,-0.0971,2
16,n<=8,sr<=15%,kvB<=1k,kp<=2k,0.0081,1
16,n<=8,sr<=15%,kvB<=1k,kp<=512,0.9199,2
16,n<=8,sr<=15%,kvB<=1k,kp=0,0.7611,5
16,n<=8,sr<=15%,kvB<=2k,kp<=1k,0.9916,1
16,n<=8,sr<=15%,kvB<=2k,kp<=2k,0.59,1
16,n<=8,sr<=15%,kvB<=2k,kp<=512,0.9568,1
16,n<=8,sr<=15%,kvB<=2k,kp=0,1.3237,2
16,n<=8,sr<=40%,kvB<=1k,kp<=1k,0.0118,4
16,n<=8,sr<=40%,kvB<=1k,kp<=2k,0.2551,4
16,n<=8,sr<=40%,kvB<=1k,kp<=512,0.9306,4
16,n<=8,sr<=40%,kvB<=1k,kp=0,0.9331,4
16,n<=8,sr<=40%,kvB<=2k,kp<=1k,0.9552,2
16,n<=8,sr<=40%,kvB<=2k,kp<=2k,0.0366,2
16,n<=8,sr<=40%,kvB<=2k,kp<=512,0.9446,2
16,n<=8,sr<=40%,kvB<=2k,kp=0,0.9396,2
16,n<=8,sr<=70%,kvB<=1k,kp<=1k,0.1425,2
16,n<=8,sr<=70%,kvB<=1k,kp<=2k,0.2913,1
16,n<=8,sr<=70%,kvB<=1k,kp<=512,0.922,2
16,n<=8,sr<=70%,kvB<=1k,kp=0,0.7521,4
16,n<=8,sr<=70%,kvB<=2k,kp<=1k,0.96,1
16,n<=8,sr<=70%,kvB<=2k,kp<=2k,-0.8952,1
16,n<=8,sr<=70%,kvB<=2k,kp<=512,0.9582,1
16,n<=8,sr<=70%,kvB<=2k,kp=0,0.936,1
16,n<=8,sr>70%,kvB<=1k,kp<=1k,0.5348,4
16,n<=8,sr>70%,kvB<=1k,kp<=2k,0.6126,3
16,n<=8,sr>70%,kvB<=1k,kp<=512,0.9335,4
16,n<=8,sr>70%,kvB<=1k,kp=0,0.9566,4
16,n<=8,sr>70%,kvB<=2k,kp<=1k,0.9425,2
16,n<=8,sr>70%,kvB<=2k,kp<=2k,0.6516,2
16,n<=8,sr>70%,kvB<=2k,kp<=512,0.9558,2
16,n<=8,sr>70%,kvB<=2k,kp=0,0.9452,2
32,n<=128,sr<=15%,kvB<=1k,kp<=1k,0.0544,4
32,n<=128,sr<=15%,kvB<=1k,kp<=2k,0.0577,4
32,n<=128,sr<=15%,kvB<=1k,kp<=512,0.0742,4
32,n<=128,sr<=15%,kvB<=1k,kp=0,0.0742,4
32,n<=128,sr<=15%,kvB<=2k,kp<=1k,0.057,2
32,n<=128,sr<=15%,kvB<=2k,kp<=2k,0.0279,2
32,n<=128,sr<=15%,kvB<=2k,kp<=512,0.0574,2
32,n<=128,sr<=15%,kvB<=2k,kp=0,0.056,2
32,n<=128,sr<=40%,kvB<=1k,kp<=1k,0.1006,2
32,n<=128,sr<=40%,kvB<=1k,kp<=2k,0.1089,2
32,n<=128,sr<=40%,kvB<=1k,kp<=512,0.0933,2
32,n<=128,sr<=40%,kvB<=1k,kp=0,0.0925,2
32,n<=128,sr<=40%,kvB<=2k,kp<=1k,-0.0146,1
32,n<=128,sr<=40%,kvB<=2k,kp<=2k,0.0081,1
32,n<=128,sr<=40%,kvB<=2k,kp<=512,-0.0135,1
32,n<=128,sr<=40%,kvB<=2k,kp=0,-0.0163,1
32,n<=128,sr<=5%,kvB<=1k,kp<=1k,-0.0003,8
32,n<=128,sr<=5%,kvB<=1k,kp<=2k,-0.0012,8
32,n<=128,sr<=5%,kvB<=1k,kp<=512,0.0247,8
32,n<=128,sr<=5%,kvB<=1k,kp=0,0.0225,8
32,n<=128,sr<=5%,kvB<=2k,kp<=1k,0.0376,4
32,n<=128,sr<=5%,kvB<=2k,kp<=2k,0.0017,4
32,n<=128,sr<=5%,kvB<=2k,kp<=512,0.0374,4
32,n<=128,sr<=5%,kvB<=2k,kp=0,0.0372,4
32,n<=128,sr<=70%,kvB<=1k,kp<=1k,0.0183,2
32,n<=128,sr<=70%,kvB<=1k,kp<=2k,0.0298,2
32,n<=128,sr<=70%,kvB<=1k,kp<=512,0.0252,2
32,n<=128,sr<=70%,kvB<=1k,kp=0,0.0175,2
32,n<=128,sr<=70%,kvB<=2k,kp<=1k,-0.0249,1
32,n<=128,sr<=70%,kvB<=2k,kp<=2k,-0.0149,1
32,n<=128,sr<=70%,kvB<=2k,kp<=512,-0.0253,1
32,n<=128,sr<=70%,kvB<=2k,kp=0,-0.0391,1
32,n<=128,sr>70%,kvB<=1k,kp<=1k,0.2733,4
32,n<=128,sr>70%,kvB<=1k,kp<=2k,0.2378,4
32,n<=128,sr>70%,kvB<=1k,kp<=512,0.272,4
32,n<=128,sr>70%,kvB<=1k,kp=0,0.2573,4
32,n<=128,sr>70%,kvB<=2k,kp<=1k,0.1174,2
32,n<=128,sr>70%,kvB<=2k,kp<=2k,0.1098,2
32,n<=128,sr>70%,kvB<=2k,kp<=512,0.1087,2
32,n<=128,sr>70%,kvB<=2k,kp=0,0.1041,2
32,n<=16,sr<=15%,kvB<=1k,kp<=1k,-0.0357,4
32,n<=16,sr<=15%,kvB<=1k,kp<=2k,-0.0416,4
32,n<=16,sr<=15%,kvB<=1k,kp<=512,0.3274,4
32,n<=16,sr<=15%,kvB<=1k,kp=0,0.4537,4
32,n<=16,sr<=15%,kvB<=2k,kp<=1k,0.3621,2
32,n<=16,sr<=15%,kvB<=2k,kp<=2k,-0.0538,2
32,n<=16,sr<=15%,kvB<=2k,kp<=512,0.4545,2
32,n<=16,sr<=15%,kvB<=2k,kp=0,0.4404,2
32,n<=16,sr<=40%,kvB<=1k,kp<=1k,-0.1722,4
32,n<=16,sr<=40%,kvB<=1k,kp<=2k,-0.175,4
32,n<=16,sr<=40%,kvB<=1k,kp<=512,0.2731,4
32,n<=16,sr<=40%,kvB<=1k,kp=0,0.3758,4
32,n<=16,sr<=40%,kvB<=2k,kp<=1k,0.3028,2
32,n<=16,sr<=40%,kvB<=2k,kp<=2k,-0.2434,2
32,n<=16,sr<=40%,kvB<=2k,kp<=512,0.3561,2
32,n<=16,sr<=40%,kvB<=2k,kp=0,0.3356,2
32,n<=16,sr<=70%,kvB<=1k,kp<=1k,0.2208,2
32,n<=16,sr<=70%,kvB<=1k,kp<=2k,0.2352,2
32,n<=16,sr<=70%,kvB<=1k,kp<=512,0.5359,2
32,n<=16,sr<=70%,kvB<=1k,kp=0,0.4642,2
32,n<=16,sr<=70%,kvB<=2k,kp<=1k,0.4265,1
32,n<=16,sr<=70%,kvB<=2k,kp<=2k,-0.1388,1
32,n<=16,sr<=70%,kvB<=2k,kp<=512,0.4453,1
32,n<=16,sr<=70%,kvB<=2k,kp=0,0.193,1
32,n<=16,sr>70%,kvB<=1k,kp<=1k,0.7198,4
32,n<=16,sr>70%,kvB<=1k,kp<=2k,0.6193,4
32,n<=16,sr>70%,kvB<=1k,kp<=512,0.8652,4
32,n<=16,sr>70%,kvB<=1k,kp=0,0.8829,4
32,n<=16,sr>70%,kvB<=2k,kp<=1k,0.9352,2
32,n<=16,sr>70%,kvB<=2k,kp<=2k,0.8932,2
32,n<=16,sr>70%,kvB<=2k,kp<=512,0.9311,2
32,n<=16,sr>70%,kvB<=2k,kp=0,0.9403,2
32,n<=2,sr<=70%,kvB<=1k,kp<=1k,0.4742,2
32,n<=2,sr<=70%,kvB<=1k,kp<=2k,-0.0347,2
32,n<=2,sr<=70%,kvB<=1k,kp<=512,0.9816,2
32,n<=2,sr<=70%,kvB<=1k,kp=0,0.9984,2
32,n<=2,sr<=70%,kvB<=2k,kp<=1k,0.995,1
32,n<=2,sr<=70%,kvB<=2k,kp<=2k,-1.9689,1
32,n<=2,sr<=70%,kvB<=2k,kp<=512,0.9976,1
32,n<=2,sr<=70%,kvB<=2k,kp=0,0.9906,1
32,n<=32,sr<=15%,kvB<=1k,kp<=1k,0.1369,6
32,n<=32,sr<=15%,kvB<=1k,kp<=2k,0.2154,6
32,n<=32,sr<=15%,kvB<=1k,kp<=512,0.2118,6
32,n<=32,sr<=15%,kvB<=1k,kp=0,0.1877,6
32,n<=32,sr<=15%,kvB<=2k,kp<=1k,0.1874,3
32,n<=32,sr<=15%,kvB<=2k,kp<=2k,0.0853,3
32,n<=32,sr<=15%,kvB<=2k,kp<=512,0.1894,3
32,n<=32,sr<=15%,kvB<=2k,kp=0,0.1594,3
32,n<=32,sr<=40%,kvB<=1k,kp<=1k,0.1858,2
32,n<=32,sr<=40%,kvB<=1k,kp<=2k,0.2836,2
32,n<=32,sr<=40%,kvB<=1k,kp<=512,0.1854,2
32,n<=32,sr<=40%,kvB<=1k,kp=0,0.1242,2
32,n<=32,sr<=40%,kvB<=2k,kp<=1k,0.1112,1
32,n<=32,sr<=40%,kvB<=2k,kp<=2k,0.1114,1
32,n<=32,sr<=40%,kvB<=2k,kp<=512,0.037,1
32,n<=32,sr<=40%,kvB<=2k,kp=0,0.028,1
32,n<=32,sr<=5%,kvB<=1k,kp<=1k,0.1162,2
32,n<=32,sr<=5%,kvB<=1k,kp<=2k,0.1651,2
32,n<=32,sr<=5%,kvB<=1k,kp<=512,0.0957,2
32,n<=32,sr<=5%,kvB<=1k,kp=0,0.0938,2
32,n<=32,sr<=5%,kvB<=2k,kp<=1k,0.1326,1
32,n<=32,sr<=5%,kvB<=2k,kp<=2k,0.1083,1
32,n<=32,sr<=5%,kvB<=2k,kp<=512,0.128,1
32,n<=32,sr<=5%,kvB<=2k,kp=0,0.1242,1
32,n<=32,sr<=70%,kvB<=1k,kp<=1k,0.0598,2
32,n<=32,sr<=70%,kvB<=1k,kp<=2k,0.1951,2
32,n<=32,sr<=70%,kvB<=1k,kp<=512,0.0431,2
32,n<=32,sr<=70%,kvB<=1k,kp=0,-0.1171,2
32,n<=32,sr<=70%,kvB<=2k,kp<=1k,-0.0324,1
32,n<=32,sr<=70%,kvB<=2k,kp<=2k,-0.0075,1
32,n<=32,sr<=70%,kvB<=2k,kp<=512,-0.1999,1
32,n<=32,sr<=70%,kvB<=2k,kp=0,-0.202,1
32,n<=32,sr>70%,kvB<=1k,kp<=1k,-0.1447,4
32,n<=32,sr>70%,kvB<=1k,kp<=2k,0.5855,4
32,n<=32,sr>70%,kvB<=1k,kp<=512,-0.1742,4
32,n<=32,sr>70%,kvB<=1k,kp=0,-0.2779,4
32,n<=32,sr>70%,kvB<=2k,kp<=1k,-0.4208,2
32,n<=32,sr>70%,kvB<=2k,kp<=2k,-0.4674,2
32,n<=32,sr>70%,kvB<=2k,kp<=512,-0.4416,2
32,n<=32,sr>70%,kvB<=2k,kp=0,-0.4676,2
32,n<=4,sr<=40%,kvB<=1k,kp<=1k,0.3244,2
32,n<=4,sr<=40%,kvB<=1k,kp<=2k,0.5115,2
32,n<=4,sr<=40%,kvB<=1k,kp<=512,0.9674,2
32,n<=4,sr<=40%,kvB<=1k,kp=0,0.9801,2
32,n<=4,sr<=40%,kvB<=2k,kp<=1k,0.985,1
32,n<=4,sr<=40%,kvB<=2k,kp<=2k,-1.4801,1
32,n<=4,sr<=40%,kvB<=2k,kp<=512,0.9854,1
32,n<=4,sr<=40%,kvB<=2k,kp=0,0.9845,1
32,n<=4,sr<=70%,kvB<=1k,kp<=1k,0.3563,2
32,n<=4,sr<=70%,kvB<=1k,kp<=2k,0.435,2
32,n<=4,sr<=70%,kvB<=1k,kp<=512,0.9681,2
32,n<=4,sr<=70%,kvB<=1k,kp=0,0.9973,2
32,n<=4,sr<=70%,kvB<=2k,kp<=1k,0.9819,1
32,n<=4,sr<=70%,kvB<=2k,kp<=2k,-0.3217,1
32,n<=4,sr<=70%,kvB<=2k,kp<=512,0.9858,1
32,n<=4,sr<=70%,kvB<=2k,kp=0,0.9853,1
32,n<=4,sr>70%,kvB<=1k,kp<=1k,0.68,2
32,n<=4,sr>70%,kvB<=1k,kp<=2k,0.857,2
32,n<=4,sr>70%,kvB<=1k,kp<=512,0.9998,2
32,n<=4,sr>70%,kvB<=1k,kp=0,0.9588,2
32,n<=4,sr>70%,kvB<=2k,kp<=1k,0.9871,1
32,n<=4,sr>70%,kvB<=2k,kp<=512,0.9778,1
32,n<=4,sr>70%,kvB<=2k,kp=0,0.9923,1
32,n<=64,sr<=15%,kvB<=1k,kp<=1k,0.0945,4
32,n<=64,sr<=15%,kvB<=1k,kp<=2k,0.0858,4
32,n<=64,sr<=15%,kvB<=1k,kp<=512,0.1027,4
32,n<=64,sr<=15%,kvB<=1k,kp=0,0.1062,4
32,n<=64,sr<=15%,kvB<=2k,kp<=1k,0.1073,2
32,n<=64,sr<=15%,kvB<=2k,kp<=2k,0.0532,2
32,n<=64,sr<=15%,kvB<=2k,kp<=512,0.1052,2
32,n<=64,sr<=15%,kvB<=2k,kp=0,0.1011,2
32,n<=64,sr<=40%,kvB<=1k,kp<=1k,0.1201,2
32,n<=64,sr<=40%,kvB<=1k,kp<=2k,0.1628,2
32,n<=64,sr<=40%,kvB<=1k,kp<=512,0.1283,2
32,n<=64,sr<=40%,kvB<=1k,kp=0,0.1353,2
32,n<=64,sr<=40%,kvB<=2k,kp<=1k,0.0462,1
32,n<=64,sr<=40%,kvB<=2k,kp<=2k,0.0332,1
32,n<=64,sr<=40%,kvB<=2k,kp<=512,0.0495,1
32,n<=64,sr<=40%,kvB<=2k,kp=0,0.0417,1
32,n<=64,sr<=5%,kvB<=1k,kp<=1k,0.015,6
32,n<=64,sr<=5%,kvB<=1k,kp<=2k,0.0471,6
32,n<=64,sr<=5%,kvB<=1k,kp<=512,0.0608,6
32,n<=64,sr<=5%,kvB<=1k,kp=0,0.0514,6
32,n<=64,sr<=5%,kvB<=2k,kp<=1k,0.0897,3
32,n<=64,sr<=5%,kvB<=2k,kp<=2k,0.0194,3
32,n<=64,sr<=5%,kvB<=2k,kp<=512,0.0761,3
32,n<=64,sr<=5%,kvB<=2k,kp=0,0.0768,3
32,n<=64,sr<=70%,kvB<=1k,kp<=1k,0.0322,2
32,n<=64,sr<=70%,kvB<=1k,kp<=2k,0.1262,2
32,n<=64,sr<=70%,kvB<=1k,kp<=512,0.0202,2
32,n<=64,sr<=70%,kvB<=1k,kp=0,-0.0017,2
32,n<=64,sr<=70%,kvB<=2k,kp<=1k,-0.0212,1
32,n<=64,sr<=70%,kvB<=2k,kp<=2k,-0.0076,1
32,n<=64,sr<=70%,kvB<=2k,kp<=512,-0.028,1
32,n<=64,sr<=70%,kvB<=2k,kp=0,-0.1022,1
32,n<=64,sr>70%,kvB<=1k,kp<=1k,0.1678,4
32,n<=64,sr>70%,kvB<=1k,kp<=2k,0.3839,4
32,n<=64,sr>70%,kvB<=1k,kp<=512,0.144,4
32,n<=64,sr>70%,kvB<=1k,kp=0,0.1103,4
32,n<=64,sr>70%,kvB<=2k,kp<=1k,-0.0609,2
32,n<=64,sr>70%,kvB<=2k,kp<=2k,-0.0454,2
32,n<=64,sr>70%,kvB<=2k,kp<=512,-0.065,2
32,n<=64,sr>70%,kvB<=2k,kp=0,-0.0854,2
32,n<=8,sr<=15%,kvB<=1k,kp<=1k,0.2292,2
32,n<=8,sr<=15%,kvB<=1k,kp<=2k,0.1766,2
32,n<=8,sr<=15%,kvB<=1k,kp<=512,0.9135,2
32,n<=8,sr<=15%,kvB<=1k,kp=0,0.9366,2
32,n<=8,sr<=15%,kvB<=2k,kp<=1k,0.9515,1
32,n<=8,sr<=15%,kvB<=2k,kp<=2k,0.6562,1
32,n<=8,sr<=15%,kvB<=2k,kp<=512,0.9714,1
32,n<=8,sr<=15%,kvB<=2k,kp=0,0.9882,1
32,n<=8,sr<=40%,kvB<=1k,kp<=1k,0.3192,4
32,n<=8,sr<=40%,kvB<=1k,kp<=2k,0.3412,4
32,n<=8,sr<=40%,kvB<=1k,kp<=512,0.9324,4
32,n<=8,sr<=40%,kvB<=1k,kp=0,0.9279,4
32,n<=8,sr<=40%,kvB<=2k,kp<=1k,0.9595,2
32,n<=8,sr<=40%,kvB<=2k,kp<=2k,0.2742,2
32,n<=8,sr<=40%,kvB<=2k,kp<=512,0.9653,2
32,n<=8,sr<=40%,kvB<=2k,kp=0,0.966,2
32,n<=8,sr<=70%,kvB<=1k,kp<=1k,0.3945,1
32,n<=8,sr<=70%,kvB<=1k,kp<=2k,0.3636,1
32,n<=8,sr<=70%,kvB<=1k,kp<=512,0.9155,2
32,n<=8,sr<=70%,kvB<=1k,kp=0,0.9025,2
32,n<=8,sr<=70%,kvB<=2k,kp<=1k,0.9622,1
32,n<=8,sr<=70%,kvB<=2k,kp<=2k,-0.1395,1
32,n<=8,sr<=70%,kvB<=2k,kp<=512,0.9551,1
32,n<=8,sr<=70%,kvB<=2k,kp=0,0.9593,1
32,n<=8,sr>70%,kvB<=1k,kp<=1k,0.6831,4
32,n<=8,sr>70%,kvB<=1k,kp<=2k,0.7168,4
32,n<=8,sr>70%,kvB<=1k,kp<=512,0.9454,4
32,n<=8,sr>70%,kvB<=1k,kp=0,0.9424,4
32,n<=8,sr>70%,kvB<=2k,kp<=1k,0.9569,2
32,n<=8,sr>70%,kvB<=2k,kp<=2k,-0.1736,2
32,n<=8,sr>70%,kvB<=2k,kp<=512,0.9811,2
32,n<=8,sr>70%,kvB<=2k,kp=0,0.9662,2
64,n<=128,sr<=15%,kvB<=1k,kp<=1k,0.0548,4
64,n<=128,sr<=15%,kvB<=1k,kp<=2k,0.0555,4
64,n<=128,sr<=15%,kvB<=1k,kp<=512,0.0737,4
64,n<=128,sr<=15%,kvB<=1k,kp=0,0.0736,4
64,n<=128,sr<=15%,kvB<=2k,kp<=1k,0.0573,2
64,n<=128,sr<=15%,kvB<=2k,kp<=2k,0.0282,2
64,n<=128,sr<=15%,kvB<=2k,kp<=512,0.0579,2
64,n<=128,sr<=15%,kvB<=2k,kp=0,0.0564,2
64,n<=128,sr<=40%,kvB<=1k,kp<=1k,0.0978,2
64,n<=128,sr<=40%,kvB<=1k,kp<=2k,0.0866,2
64,n<=128,sr<=40%,kvB<=1k,kp<=512,0.0807,2
64,n<=128,sr<=40%,kvB<=1k,kp=0,0.0778,2
64,n<=128,sr<=40%,kvB<=2k,kp<=1k,-0.0144,1
64,n<=128,sr<=40%,kvB<=2k,kp<=2k,0.0112,1
64,n<=128,sr<=40%,kvB<=2k,kp<=512,-0.0136,1
64,n<=128,sr<=40%,kvB<=2k,kp=0,-0.0139,1
64,n<=128,sr<=5%,kvB<=1k,kp<=1k,-0.0003,8
64,n<=128,sr<=5%,kvB<=1k,kp<=2k,-0.0028,8
64,n<=128,sr<=5%,kvB<=1k,kp<=512,0.0262,8
64,n<=128,sr<=5%,kvB<=1k,kp=0,0.0241,8
64,n<=128,sr<=5%,kvB<=2k,kp<=1k,0.0376,4
64,n<=128,sr<=5%,kvB<=2k,kp<=2k,0.0023,4
64,n<=128,sr<=5%,kvB<=2k,kp<=512,0.0372,4
64,n<=128,sr<=5%,kvB<=2k,kp=0,0.037,4
64,n<=128,sr<=70%,kvB<=1k,kp<=1k,0.0133,2
64,n<=128,sr<=70%,kvB<=1k,kp<=2k,0.0103,2
64,n<=128,sr<=70%,kvB<=1k,kp<=512,-0.0076,2
64,n<=128,sr<=70%,kvB<=1k,kp=0,-0.0124,2
64,n<=128,sr<=70%,kvB<=2k,kp<=1k,-0.0206,1
64,n<=128,sr<=70%,kvB<=2k,kp<=2k,-0.0196,1
64,n<=128,sr<=70%,kvB<=2k,kp<=512,-0.0257,1
64,n<=128,sr<=70%,kvB<=2k,kp=0,-0.0346,1
64,n<=128,sr>70%,kvB<=1k,kp<=1k,0.2774,4
64,n<=128,sr>70%,kvB<=1k,kp<=2k,0.2257,4
64,n<=128,sr>70%,kvB<=1k,kp<=512,0.2536,4
64,n<=128,sr>70%,kvB<=1k,kp=0,0.2476,4
64,n<=128,sr>70%,kvB<=2k,kp<=1k,0.1113,2
64,n<=128,sr>70%,kvB<=2k,kp<=2k,0.1081,2
64,n<=128,sr>70%,kvB<=2k,kp<=512,0.117,2
64,n<=128,sr>70%,kvB<=2k,kp=0,0.116,2
64,n<=16,sr<=15%,kvB<=1k,kp<=1k,-0.0441,4
64,n<=16,sr<=15%,kvB<=1k,kp<=2k,-0.0238,4
64,n<=16,sr<=15%,kvB<=1k,kp<=512,0.311,4
64,n<=16,sr<=15%,kvB<=1k,kp=0,0.4418,4
64,n<=16,sr<=15%,kvB<=2k,kp<=1k,0.3533,2
64,n<=16,sr<=15%,kvB<=2k,kp<=2k,-0.0473,2
64,n<=16,sr<=15%,kvB<=2k,kp<=512,0.4455,2
64,n<=16,sr<=15%,kvB<=2k,kp=0,0.4393,2
64,n<=16,sr<=40%,kvB<=1k,kp<=1k,-0.1706,4
64,n<=16,sr<=40%,kvB<=1k,kp<=2k,-0.1521,4
64,n<=16,sr<=40%,kvB<=1k,kp<=512,0.274,4
64,n<=16,sr<=40%,kvB<=1k,kp=0,0.3607,4
64,n<=16,sr<=40%,kvB<=2k,kp<=1k,0.2934,2
64,n<=16,sr<=40%,kvB<=2k,kp<=2k,-0.2501,2
64,n<=16,sr<=40%,kvB<=2k,kp<=512,0.346,2
64,n<=16,sr<=40%,kvB<=2k,kp=0,0.3307,2
64,n<=16,sr<=70%,kvB<=1k,kp<=1k,0.1991,2
64,n<=16,sr<=70%,kvB<=1k,kp<=2k,0.2062,2
64,n<=16,sr<=70%,kvB<=1k,kp<=512,0.5124,2
64,n<=16,sr<=70%,kvB<=1k,kp=0,0.4737,2
64,n<=16,sr<=70%,kvB<=2k,kp<=1k,0.4236,1
64,n<=16,sr<=70%,kvB<=2k,kp<=2k,-0.1529,1
64,n<=16,sr<=70%,kvB<=2k,kp<=512,0.417,1
64,n<=16,sr<=70%,kvB<=2k,kp=0,0.1831,1
64,n<=16,sr>70%,kvB<=1k,kp<=1k,0.6439,4
64,n<=16,sr>70%,kvB<=1k,kp<=2k,0.5027,4
64,n<=16,sr>70%,kvB<=1k,kp<=512,0.8485,4
64,n<=16,sr>70%,kvB<=1k,kp=0,0.827,4
64,n<=16,sr>70%,kvB<=2k,kp<=1k,0.9387,2
64,n<=16,sr>70%,kvB<=2k,kp<=2k,0.868,2
64,n<=16,sr>70%,kvB<=2k,kp<=512,0.9548,2
64,n<=16,sr>70%,kvB<=2k,kp=0,0.9494,2
64,n<=2,sr<=70%,kvB<=1k,kp<=1k,0.4946,2
64,n<=2,sr<=70%,kvB<=1k,kp<=2k,0.3913,2
64,n<=2,sr<=70%,kvB<=1k,kp<=512,0.9855,2
64,n<=2,sr<=70%,kvB<=1k,kp=0,0.9782,2
64,n<=2,sr<=70%,kvB<=2k,kp<=1k,0.9924,1
64,n<=2,sr<=70%,kvB<=2k,kp<=512,0.9903,1
64,n<=2,sr<=70%,kvB<=2k,kp=0,0.9895,1
64,n<=32,sr<=15%,kvB<=1k,kp<=1k,0.1341,6
64,n<=32,sr<=15%,kvB<=1k,kp<=2k,0.2009,6
64,n<=32,sr<=15%,kvB<=1k,kp<=512,0.2133,6
64,n<=32,sr<=15%,kvB<=1k,kp=0,0.1914,6
64,n<=32,sr<=15%,kvB<=2k,kp<=1k,0.1875,3
64,n<=32,sr<=15%,kvB<=2k,kp<=2k,0.0865,3
64,n<=32,sr<=15%,kvB<=2k,kp<=512,0.3076,3
64,n<=32,sr<=15%,kvB<=2k,kp=0,0.1573,3
64,n<=32,sr<=40%,kvB<=1k,kp<=1k,0.1718,2
64,n<=32,sr<=40%,kvB<=1k,kp<=2k,0.2791,2
64,n<=32,sr<=40%,kvB<=1k,kp<=512,0.1867,2
64,n<=32,sr<=40%,kvB<=1k,kp=0,0.1013,2
64,n<=32,sr<=40%,kvB<=2k,kp<=1k,0.1069,1
64,n<=32,sr<=40%,kvB<=2k,kp<=2k,0.1113,1
64,n<=32,sr<=40%,kvB<=2k,kp<=512,0.0338,1
64,n<=32,sr<=40%,kvB<=2k,kp=0,0.0305,1
64,n<=32,sr<=5%,kvB<=1k,kp<=1k,0.1222,2
64,n<=32,sr<=5%,kvB<=1k,kp<=2k,0.1973,2
64,n<=32,sr<=5%,kvB<=1k,kp<=512,0.1038,2
64,n<=32,sr<=5%,kvB<=1k,kp=0,0.1058,2
64,n<=32,sr<=5%,kvB<=2k,kp<=1k,0.1307,1
64,n<=32,sr<=5%,kvB<=2k,kp<=2k,0.1054,1
64,n<=32,sr<=5%,kvB<=2k,kp<=512,0.132,1
64,n<=32,sr<=5%,kvB<=2k,kp=0,0.1277,1
64,n<=32,sr<=70%,kvB<=1k,kp<=1k,0.0619,2
64,n<=32,sr<=70%,kvB<=1k,kp<=2k,0.1042,2
64,n<=32,sr<=70%,kvB<=1k,kp<=512,-0.0014,2
64,n<=32,sr<=70%,kvB<=1k,kp=0,-0.1797,2
64,n<=32,sr<=70%,kvB<=2k,kp<=1k,-0.0228,1
64,n<=32,sr<=70%,kvB<=2k,kp<=2k,-0.0055,1
64,n<=32,sr<=70%,kvB<=2k,kp<=512,-0.1971,1
64,n<=32,sr<=70%,kvB<=2k,kp=0,-0.2094,1
64,n<=32,sr>70%,kvB<=1k,kp<=1k,-0.1078,4
64,n<=32,sr>70%,kvB<=1k,kp<=2k,0.5654,4
64,n<=32,sr>70%,kvB<=1k,kp<=512,-0.2328,4
64,n<=32,sr>70%,kvB<=1k,kp=0,-0.2981,4
64,n<=32,sr>70%,kvB<=2k,kp<=1k,-0.4193,2
64,n<=32,sr>70%,kvB<=2k,kp<=2k,-0.4274,2
64,n<=32,sr>70%,kvB<=2k,kp<=512,-0.4337,2
64,n<=32,sr>70%,kvB<=2k,kp=0,-0.4562,2
64,n<=4,sr<=40%,kvB<=1k,kp<=1k,0.5224,2
64,n<=4,sr<=40%,kvB<=1k,kp<=2k,0.5159,2
64,n<=4,sr<=40%,kvB<=1k,kp<=512,0.9772,2
64,n<=4,sr<=40%,kvB<=1k,kp=0,0.9773,2
64,n<=4,sr<=40%,kvB<=2k,kp<=1k,0.9809,1
64,n<=4,sr<=40%,kvB<=2k,kp<=2k,-40.7576,1
64,n<=4,sr<=40%,kvB<=2k,kp<=512,0.9901,1
64,n<=4,sr<=40%,kvB<=2k,kp=0,0.9825,1
64,n<=4,sr<=70%,kvB<=1k,kp<=1k,0.2884,2
64,n<=4,sr<=70%,kvB<=1k,kp<=2k,0.4637,2
64,n<=4,sr<=70%,kvB<=1k,kp<=512,0.9658,2
64,n<=4,sr<=70%,kvB<=1k,kp=0,0.9734,2
64,n<=4,sr<=70%,kvB<=2k,kp<=1k,0.9824,1
64,n<=4,sr<=70%,kvB<=2k,kp<=512,0.9825,1
64,n<=4,sr<=70%,kvB<=2k,kp=0,0.9862,1
64,n<=4,sr>70%,kvB<=1k,kp<=1k,0.6312,2
64,n<=4,sr>70%,kvB<=1k,kp<=2k,0.8241,2
64,n<=4,sr>70%,kvB<=1k,kp<=512,0.9681,2
64,n<=4,sr>70%,kvB<=1k,kp=0,0.9942,2
64,n<=4,sr>70%,kvB<=2k,kp<=1k,0.987,1
64,n<=4,sr>70%,kvB<=2k,kp<=2k,0.7064,1
64,n<=4,sr>70%,kvB<=2k,kp<=512,0.9726,1
64,n<=4,sr>70%,kvB<=2k,kp=0,0.9776,1
64,n<=512,sr<=15%,kvB<=1k,kp<=2k,0.2949,2
64,n<=512,sr<=15%,kvB<=1k,kp<=512,0.079,2
64,n<=512,sr<=15%,kvB<=1k,kp=0,0.077,2
64,n<=512,sr<=15%,kvB<=2k,kp<=2k,0.0472,2
64,n<=512,sr<=15%,kvB<=2k,kp<=512,0.0443,2
64,n<=512,sr<=15%,kvB<=2k,kp=0,0.0465,2
64,n<=512,sr<=40%,kvB<=1k,kp<=2k,0.2173,1
64,n<=512,sr<=40%,kvB<=1k,kp<=512,0.2151,1
64,n<=512,sr<=40%,kvB<=1k,kp=0,-0.3604,1
64,n<=512,sr<=40%,kvB<=2k,kp<=2k,-0.0033,1
64,n<=512,sr<=40%,kvB<=2k,kp<=512,-0.0031,1
64,n<=512,sr<=40%,kvB<=2k,kp=0,0.0001,1
64,n<=512,sr<=5%,kvB<=1k,kp<=2k,-0.1133,4
64,n<=512,sr<=5%,kvB<=1k,kp<=512,-0.1106,4
64,n<=512,sr<=5%,kvB<=1k,kp=0,0.0989,4
64,n<=512,sr<=5%,kvB<=2k,kp<=2k,0.0014,4
64,n<=512,sr<=5%,kvB<=2k,kp<=512,0.0003,4
64,n<=512,sr<=5%,kvB<=2k,kp=0,-0.1066,4
64,n<=512,sr<=70%,kvB<=1k,kp<=512,0.5815,1
64,n<=512,sr<=70%,kvB<=1k,kp=0,0.217,1
64,n<=512,sr<=70%,kvB<=2k,kp<=2k,-0.0193,1
64,n<=512,sr<=70%,kvB<=2k,kp<=512,-0.0156,1
64,n<=512,sr<=70%,kvB<=2k,kp=0,-0.0062,1
64,n<=512,sr>70%,kvB<=1k,kp<=2k,0.3126,2
64,n<=512,sr>70%,kvB<=1k,kp<=512,0.7071,2
64,n<=512,sr>70%,kvB<=1k,kp=0,0.6316,1
64,n<=512,sr>70%,kvB<=2k,kp<=2k,16.8745,1
64,n<=512,sr>70%,kvB<=2k,kp<=512,0.0616,2
64,n<=512,sr>70%,kvB<=2k,kp=0,0.6071,1
64,n<=64,sr<=15%,kvB<=1k,kp<=1k,0.0919,4
64,n<=64,sr<=15%,kvB<=1k,kp<=2k,0.0805,4
64,n<=64,sr<=15%,kvB<=1k,kp<=512,0.1067,4
64,n<=64,sr<=15%,kvB<=1k,kp=0,0.1074,4
64,n<=64,sr<=15%,kvB<=2k,kp<=1k,0.1081,2
64,n<=64,sr<=15%,kvB<=2k,kp<=2k,0.052,2
64,n<=64,sr<=15%,kvB<=2k,kp<=512,0.1047,2
64,n<=64,sr<=15%,kvB<=2k,kp=0,0.1003,2
64,n<=64,sr<=40%,kvB<=1k,kp<=1k,0.1159,2
64,n<=64,sr<=40%,kvB<=1k,kp<=2k,0.1673,2
64,n<=64,sr<=40%,kvB<=1k,kp<=512,0.1279,2
64,n<=64,sr<=40%,kvB<=1k,kp=0,0.1314,2
64,n<=64,sr<=40%,kvB<=2k,kp<=1k,0.0445,1
64,n<=64,sr<=40%,kvB<=2k,kp<=2k,0.0343,1
64,n<=64,sr<=40%,kvB<=2k,kp<=512,0.0449,1
64,n<=64,sr<=40%,kvB<=2k,kp=0,0.0393,1
64,n<=64,sr<=5%,kvB<=1k,kp<=1k,0.0167,6
64,n<=64,sr<=5%,kvB<=1k,kp<=2k,0.0466,6
64,n<=64,sr<=5%,kvB<=1k,kp<=512,0.0616,6
64,n<=64,sr<=5%,kvB<=1k,kp=0,0.0528,6
64,n<=64,sr<=5%,kvB<=2k,kp<=1k,0.0903,3
64,n<=64,sr<=5%,kvB<=2k,kp<=2k,0.0197,3
64,n<=64,sr<=5%,kvB<=2k,kp<=512,0.0774,3
64,n<=64,sr<=5%,kvB<=2k,kp=0,0.0752,3
64,n<=64,sr<=70%,kvB<=1k,kp<=1k,0.0292,2
64,n<=64,sr<=70%,kvB<=1k,kp<=2k,0.1109,2
64,n<=64,sr<=70%,kvB<=1k,kp<=512,0.0175,2
64,n<=64,sr<=70%,kvB<=1k,kp=0,-0.0051,2
64,n<=64,sr<=70%,kvB<=2k,kp<=1k,-0.0134,1
64,n<=64,sr<=70%,kvB<=2k,kp<=2k,-0.01,1
64,n<=64,sr<=70%,kvB<=2k,kp<=512,-0.0284,1
64,n<=64,sr<=70%,kvB<=2k,kp=0,-0.0981,1
64,n<=64,sr>70%,kvB<=1k,kp<=1k,0.1683,4
64,n<=64,sr>70%,kvB<=1k,kp<=2k,0.3972,4
64,n<=64,sr>70%,kvB<=1k,kp<=512,0.1425,4
64,n<=64,sr>70%,kvB<=1k,kp=0,0.117,4
64,n<=64,sr>70%,kvB<=2k,kp<=1k,-0.0678,2
64,n<=64,sr>70%,kvB<=2k,kp<=2k,-0.0668,2
64,n<=64,sr>70%,kvB<=2k,kp<=512,-0.0718,2
64,n<=64,sr>70%,kvB<=2k,kp=0,-0.0905,2
64,n<=8,sr<=15%,kvB<=1k,kp<=1k,0.4499,2
64,n<=8,sr<=15%,kvB<=1k,kp<=2k,0.5589,2
64,n<=8,sr<=15%,kvB<=1k,kp<=512,0.9206,2
64,n<=8,sr<=15%,kvB<=1k,kp=0,0.9357,2
64,n<=8,sr<=15%,kvB<=2k,kp<=1k,0.9426,1
64,n<=8,sr<=15%,kvB<=2k,kp<=2k,0.3952,1
64,n<=8,sr<=15%,kvB<=2k,kp<=512,0.9684,1
64,n<=8,sr<=15%,kvB<=2k,kp=0,0.9619,1
64,n<=8,sr<=40%,kvB<=1k,kp<=1k,0.5641,4
64,n<=8,sr<=40%,kvB<=1k,kp<=2k,0.392,4
64,n<=8,sr<=40%,kvB<=1k,kp<=512,0.9192,4
64,n<=8,sr<=40%,kvB<=1k,kp=0,0.9365,4
64,n<=8,sr<=40%,kvB<=2k,kp<=1k,0.9499,2
64,n<=8,sr<=40%,kvB<=2k,kp<=2k,0.5934,2
64,n<=8,sr<=40%,kvB<=2k,kp<=512,0.9488,2
64,n<=8,sr<=40%,kvB<=2k,kp=0,0.9526,2
64,n<=8,sr<=70%,kvB<=1k,kp<=1k,0.502,2
64,n<=8,sr<=70%,kvB<=1k,kp<=2k,0.1264,2
64,n<=8,sr<=70%,kvB<=1k,kp<=512,0.9101,2
64,n<=8,sr<=70%,kvB<=1k,kp=0,0.9133,2
64,n<=8,sr<=70%,kvB<=2k,kp<=1k,0.9492,1
64,n<=8,sr<=70%,kvB<=2k,kp<=2k,-0.447,1
64,n<=8,sr<=70%,kvB<=2k,kp<=512,0.9643,1
64,n<=8,sr<=70%,kvB<=2k,kp=0,0.9377,1
64,n<=8,sr>70%,kvB<=1k,kp<=1k,0.5523,4
64,n<=8,sr>70%,kvB<=1k,kp<=2k,0.5281,4
64,n<=8,sr>70%,kvB<=1k,kp<=512,0.9087,4
64,n<=8,sr>70%,kvB<=1k,kp=0,0.906,4
64,n<=8,sr>70%,kvB<=2k,kp<=1k,0.9389,2
64,n<=8,sr>70%,kvB<=2k,kp<=2k,0.5414,2
64,n<=8,sr>70%,kvB<=2k,kp<=512,0.9317,2
64,n<=8,sr>70%,kvB<=2k,kp=0,0.9353,2
128,n<=128,sr<=15%,kvB<=1k,kp<=1k,0.0719,4
128,n<=128,sr<=15%,kvB<=1k,kp<=2k,0.0745,4
128,n<=128,sr<=15%,kvB<=1k,kp<=512,0.0746,4
128,n<=128,sr<=15%,kvB<=1k,kp=0,0.0748,4
128,n<=128,sr<=15%,kvB<=2k,kp<=1k,0.0607,2
128,n<=128,sr<=15%,kvB<=2k,kp<=2k,0.0363,2
128,n<=128,sr<=15%,kvB<=2k,kp<=512,0.0575,2
128,n<=128,sr<=15%,kvB<=2k,kp=0,0.0559,2
128,n<=128,sr<=40%,kvB<=1k,kp<=1k,0.1117,2
128,n<=128,sr<=40%,kvB<=1k,kp<=2k,0.1279,2
128,n<=128,sr<=40%,kvB<=1k,kp<=512,0.107,2
128,n<=128,sr<=40%,kvB<=1k,kp=0,0.0986,2
128,n<=128,sr<=40%,kvB<=2k,kp<=1k,0.0093,1
128,n<=128,sr<=40%,kvB<=2k,kp<=2k,0.0145,1
128,n<=128,sr<=40%,kvB<=2k,kp<=512,-0.0101,1
128,n<=128,sr<=40%,kvB<=2k,kp=0,-0.0144,1
128,n<=128,sr<=5%,kvB<=1k,kp<=1k,0.0071,8
128,n<=128,sr<=5%,kvB<=1k,kp<=2k,0.0236,8
128,n<=128,sr<=5%,kvB<=1k,kp<=512,0.0217,8
128,n<=128,sr<=5%,kvB<=1k,kp=0,0.0207,8
128,n<=128,sr<=5%,kvB<=2k,kp<=1k,0.037,4
128,n<=128,sr<=5%,kvB<=2k,kp<=2k,0.0095,4
128,n<=128,sr<=5%,kvB<=2k,kp<=512,0.0369,4
128,n<=128,sr<=5%,kvB<=2k,kp=0,0.0366,4
128,n<=128,sr<=70%,kvB<=1k,kp<=1k,0.0422,2
128,n<=128,sr<=70%,kvB<=1k,kp<=2k,0.0742,2
128,n<=128,sr<=70%,kvB<=1k,kp<=512,0.046,2
128,n<=128,sr<=70%,kvB<=1k,kp=0,0.0302,2
128,n<=128,sr<=70%,kvB<=2k,kp<=1k,-0.0115,1
128,n<=128,sr<=70%,kvB<=2k,kp<=2k,-0.0063,1
128,n<=128,sr<=70%,kvB<=2k,kp<=512,-0.0189,1
128,n<=128,sr<=70%,kvB<=2k,kp=0,-0.0273,1
128,n<=128,sr>70%,kvB<=1k,kp<=1k,0.3227,4
128,n<=128,sr>70%,kvB<=1k,kp<=2k,0.3251,4
128,n<=128,sr>70%,kvB<=1k,kp<=512,0.2974,4
128,n<=128,sr>70%,kvB<=1k,kp=0,0.272,4
128,n<=128,sr>70%,kvB<=2k,kp<=1k,0.1284,2
128,n<=128,sr>70%,kvB<=2k,kp<=2k,0.1536,2
128,n<=128,sr>70%,kvB<=2k,kp<=512,0.1139,2
128,n<=128,sr>70%,kvB<=2k,kp=0,0.0956,2
128,n<=16,sr<=15%,kvB<=1k,kp<=1k,-0.0184,4
128,n<=16,sr<=15%,kvB<=1k,kp<=2k,-0.029,4
128,n<=16,sr<=15%,kvB<=1k,kp<=512,0.3352,4
128,n<=16,sr<=15%,kvB<=1k,kp=0,0.4535,4
128,n<=16,sr<=15%,kvB<=2k,kp<=1k,0.3551,2
128,n<=16,sr<=15%,kvB<=2k,kp<=2k,-0.0514,2
128,n<=16,sr<=15%,kvB<=2k,kp<=512,0.4533,2
128,n<=16,sr<=15%,kvB<=2k,kp=0,0.4409,2
128,n<=16,sr<=40%,kvB<=1k,kp<=1k,-0.148,4
128,n<=16,sr<=40%,kvB<=1k,kp<=2k,-0.1509,4
128,n<=16,sr<=40%,kvB<=1k,kp<=512,0.2802,4
128,n<=16,sr<=40%,kvB<=1k,kp=0,0.3773,4
128,n<=16,sr<=40%,kvB<=2k,kp<=1k,0.2929,2
128,n<=16,sr<=40%,kvB<=2k,kp<=2k,-0.2748,2
128,n<=16,sr<=40%,kvB<=2k,kp<=512,0.3604,2
128,n<=16,sr<=40%,kvB<=2k,kp=0,0.3355,2
128,n<=16,sr<=70%,kvB<=1k,kp<=1k,0.7651,2
128,n<=16,sr<=70%,kvB<=1k,kp<=2k,0.2954,2
128,n<=16,sr<=70%,kvB<=1k,kp<=512,0.5963,2
128,n<=16,sr<=70%,kvB<=1k,kp=0,0.5239,2
128,n<=16,sr<=70%,kvB<=2k,kp<=1k,0.4587,1
128,n<=16,sr<=70%,kvB<=2k,kp<=2k,0.737,1
128,n<=16,sr<=70%,kvB<=2k,kp<=512,0.4463,1
128,n<=16,sr<=70%,kvB<=2k,kp=0,0.2261,1
128,n<=16,sr>70%,kvB<=1k,kp<=1k,0.7428,4
128,n<=16,sr>70%,kvB<=1k,kp<=2k,0.6463,4
128,n<=16,sr>70%,kvB<=1k,kp<=512,0.8928,4
128,n<=16,sr>70%,kvB<=1k,kp=0,0.8855,4
128,n<=16,sr>70%,kvB<=2k,kp<=1k,0.9446,2
128,n<=16,sr>70%,kvB<=2k,kp<=2k,0.8978,2
128,n<=16,sr>70%,kvB<=2k,kp<=512,0.9402,2
128,n<=16,sr>70%,kvB<=2k,kp=0,0.9602,2
128,n<=2,sr<=70%,kvB<=1k,kp<=1k,0.5433,2
128,n<=2,sr<=70%,kvB<=1k,kp<=2k,0.6562,1
128,n<=2,sr<=70%,kvB<=1k,kp<=512,0.9812,2
128,n<=2,sr<=70%,kvB<=1k,kp=0,0.9818,2
128,n<=2,sr<=70%,kvB<=2k,kp<=1k,0.995,1
128,n<=2,sr<=70%,kvB<=2k,kp<=2k,0.0643,1
128,n<=2,sr<=70%,kvB<=2k,kp<=512,0.9947,1
128,n<=2,sr<=70%,kvB<=2k,kp=0,0.9844,1
128,n<=32,sr<=15%,kvB<=1k,kp<=1k,-0.0034,6
128,n<=32,sr<=15%,kvB<=1k,kp<=2k,-0.0079,6
128,n<=32,sr<=15%,kvB<=1k,kp<=512,0.1823,6
128,n<=32,sr<=15%,kvB<=1k,kp=0,0.2129,6
128,n<=32,sr<=15%,kvB<=2k,kp<=1k,0.179,3
128,n<=32,sr<=15%,kvB<=2k,kp<=2k,-0.0542,3
128,n<=32,sr<=15%,kvB<=2k,kp<=512,0.1928,3
128,n<=32,sr<=15%,kvB<=2k,kp=0,0.1781,3
128,n<=32,sr<=40%,kvB<=1k,kp<=1k,-0.0119,2
128,n<=32,sr<=40%,kvB<=1k,kp<=2k,-0.0141,2
128,n<=32,sr<=40%,kvB<=1k,kp<=512,0.175,2
128,n<=32,sr<=40%,kvB<=1k,kp=0,0.1665,2
128,n<=32,sr<=40%,kvB<=2k,kp<=1k,0.1362,1
128,n<=32,sr<=40%,kvB<=2k,kp<=2k,-0.1106,1
128,n<=32,sr<=40%,kvB<=2k,kp<=512,0.1392,1
128,n<=32,sr<=40%,kvB<=2k,kp=0,0.0336,1
128,n<=32,sr<=5%,kvB<=1k,kp<=1k,-0.0033,2
128,n<=32,sr<=5%,kvB<=1k,kp<=2k,-0.0027,2
128,n<=32,sr<=5%,kvB<=1k,kp<=512,0.1602,2
128,n<=32,sr<=5%,kvB<=1k,kp=0,0.1439,2
128,n<=32,sr<=5%,kvB<=2k,kp<=1k,0.184,1
128,n<=32,sr<=5%,kvB<=2k,kp<=2k,-0.0043,1
128,n<=32,sr<=5%,kvB<=2k,kp<=512,0.2253,1
128,n<=32,sr<=5%,kvB<=2k,kp=0,0.15,1
128,n<=32,sr<=70%,kvB<=1k,kp<=1k,0.0357,2
128,n<=32,sr<=70%,kvB<=1k,kp<=2k,-0.2153,2
128,n<=32,sr<=70%,kvB<=1k,kp<=512,0.0714,2
128,n<=32,sr<=70%,kvB<=1k,kp=0,-0.0091,2
128,n<=32,sr<=70%,kvB<=2k,kp<=1k,0.0191,1
128,n<=32,sr<=70%,kvB<=2k,kp<=2k,0.0042,1
128,n<=32,sr<=70%,kvB<=2k,kp<=512,-0.0008,1
128,n<=32,sr<=70%,kvB<=2k,kp=0,-0.1526,1
128,n<=32,sr>70%,kvB<=1k,kp<=1k,0.1822,4
128,n<=32,sr>70%,kvB<=1k,kp<=2k,-0.7179,4
128,n<=32,sr>70%,kvB<=1k,kp<=512,0.1592,4
128,n<=32,sr>70%,kvB<=1k,kp=0,-0.2043,4
128,n<=32,sr>70%,kvB<=2k,kp<=1k,-0.2242,2
128,n<=32,sr>70%,kvB<=2k,kp<=2k,0.2168,2
128,n<=32,sr>70%,kvB<=2k,kp<=512,-0.395,2
128,n<=32,sr>70%,kvB<=2k,kp=0,-0.4697,2
128,n<=4,sr<=40%,kvB<=1k,kp<=1k,0.6265,2
128,n<=4,sr<=40%,kvB<=1k,kp<=2k,0.6914,2
128,n<=4,sr<=40%,kvB<=1k,kp<=512,0.9659,2
128,n<=4,sr<=40%,kvB<=1k,kp=0,0.9701,2
128,n<=4,sr<=40%,kvB<=2k,kp<=1k,0.9923,1
128,n<=4,sr<=40%,kvB<=2k,kp<=2k,5.4839,1
128,n<=4,sr<=40%,kvB<=2k,kp<=512,0.9862,1
128,n<=4,sr<=40%,kvB<=2k,kp=0,1.0043,1
128,n<=4,sr<=70%,kvB<=1k,kp<=1k,0.3483,1
128,n<=4,sr<=70%,kvB<=1k,kp<=2k,0.4352,2
128,n<=4,sr<=70%,kvB<=1k,kp<=512,0.9667,2
128,n<=4,sr<=70%,kvB<=1k,kp=0,0.9739,2
128,n<=4,sr<=70%,kvB<=2k,kp<=1k,0.99,1
128,n<=4,sr<=70%,kvB<=2k,kp<=2k,0.1638,1
128,n<=4,sr<=70%,kvB<=2k,kp<=512,0.9909,1
128,n<=4,sr<=70%,kvB<=2k,kp=0,0.9926,1
128,n<=4,sr>70%,kvB<=1k,kp<=1k,0.7718,2
128,n<=4,sr>70%,kvB<=1k,kp<=2k,0.8361,2
128,n<=4,sr>70%,kvB<=1k,kp<=512,0.9688,2
128,n<=4,sr>70%,kvB<=1k,kp=0,0.9483,2
128,n<=4,sr>70%,kvB<=2k,kp<=1k,0.9959,1
128,n<=4,sr>70%,kvB<=2k,kp<=2k,0.2688,1
128,n<=4,sr>70%,kvB<=2k,kp<=512,0.9798,1
128,n<=4,sr>70%,kvB<=2k,kp=0,0.9988,1
128,n<=64,sr<=15%,kvB<=1k,kp<=1k,0.0837,4
128,n<=64,sr<=15%,kvB<=1k,kp<=2k,0.0358,4
128,n<=64,sr<=15%,kvB<=1k,kp<=512,0.1325,4
128,n<=64,sr<=15%,kvB<=1k,kp=0,0.1121,4
128,n<=64,sr<=15%,kvB<=2k,kp<=1k,0.1228,2
128,n<=64,sr<=15%,kvB<=2k,kp<=2k,0.0675,2
128,n<=64,sr<=15%,kvB<=2k,kp<=512,0.1075,2
128,n<=64,sr<=15%,kvB<=2k,kp=0,0.106,2
128,n<=64,sr<=40%,kvB<=1k,kp<=1k,0.1288,2
128,n<=64,sr<=40%,kvB<=1k,kp<=2k,0.0843,2
128,n<=64,sr<=40%,kvB<=1k,kp<=512,0.1472,2
128,n<=64,sr<=40%,kvB<=1k,kp=0,0.143,2
128,n<=64,sr<=40%,kvB<=2k,kp<=1k,0.0492,1
128,n<=64,sr<=40%,kvB<=2k,kp<=2k,0.0435,1
128,n<=64,sr<=40%,kvB<=2k,kp<=512,0.05,1
128,n<=64,sr<=40%,kvB<=2k,kp=0,0.0409,1
128,n<=64,sr<=5%,kvB<=1k,kp<=1k,0.0479,6
128,n<=64,sr<=5%,kvB<=1k,kp<=2k,-0.0001,6
128,n<=64,sr<=5%,kvB<=1k,kp<=512,0.078,6
128,n<=64,sr<=5%,kvB<=1k,kp=0,0.0631,6
128,n<=64,sr<=5%,kvB<=2k,kp<=1k,0.1051,3
128,n<=64,sr<=5%,kvB<=2k,kp<=2k,0.0556,3
128,n<=64,sr<=5%,kvB<=2k,kp<=512,0.0913,3
128,n<=64,sr<=5%,kvB<=2k,kp=0,0.0804,3
128,n<=64,sr<=70%,kvB<=1k,kp<=1k,0.0323,2
128,n<=64,sr<=70%,kvB<=1k,kp<=2k,0.131,2
128,n<=64,sr<=70%,kvB<=1k,kp<=512,0.0351,2
128,n<=64,sr<=70%,kvB<=1k,kp=0,0.0157,2
128,n<=64,sr<=70%,kvB<=2k,kp<=1k,-0.002,1
128,n<=64,sr<=70%,kvB<=2k,kp<=2k,0.0133,1
128,n<=64,sr<=70%,kvB<=2k,kp<=512,-0.0125,1
128,n<=64,sr<=70%,kvB<=2k,kp=0,-0.0793,1
128,n<=64,sr>70%,kvB<=1k,kp<=1k,0.2424,4
128,n<=64,sr>70%,kvB<=1k,kp<=2k,0.3907,4
128,n<=64,sr>70%,kvB<=1k,kp<=512,0.1829,4
128,n<=64,sr>70%,kvB<=1k,kp=0,0.1279,4
128,n<=64,sr>70%,kvB<=2k,kp<=1k,-0.0269,2
128,n<=64,sr>70%,kvB<=2k,kp<=2k,-0.0205,2
128,n<=64,sr>70%,kvB<=2k,kp<=512,-0.0494,2
128,n<=64,sr>70%,kvB<=2k,kp=0,-0.0601,2
128,n<=8,sr<=15%,kvB<=1k,kp<=1k,0.5551,2
128,n<=8,sr<=15%,kvB<=1k,kp<=2k,0.4371,2
128,n<=8,sr<=15%,kvB<=1k,kp<=512,0.8993,2
128,n<=8,sr<=15%,kvB<=1k,kp=0,0.9358,2
128,n<=8,sr<=15%,kvB<=2k,kp<=1k,0.9916,1
128,n<=8,sr<=15%,kvB<=2k,kp<=2k,0.4404,1
128,n<=8,sr<=15%,kvB<=2k,kp<=512,0.9714,1
128,n<=8,sr<=15%,kvB<=2k,kp=0,0.9597,1
128,n<=8,sr<=40%,kvB<=1k,kp<=1k,0.3519,4
128,n<=8,sr<=40%,kvB<=1k,kp<=2k,0.4331,4
128,n<=8,sr<=40%,kvB<=1k,kp<=512,0.9135,4
128,n<=8,sr<=40%,kvB<=1k,kp=0,0.9267,4
128,n<=8,sr<=40%,kvB<=2k,kp<=1k,0.9623,2
128,n<=8,sr<=40%,kvB<=2k,kp<=2k,0.4356,2
128,n<=8,sr<=40%,kvB<=2k,kp<=512,0.9617,2
128,n<=8,sr<=40%,kvB<=2k,kp=0,0.9561,2
128,n<=8,sr<=70%,kvB<=1k,kp<=1k,0.1827,2
128,n<=8,sr<=70%,kvB<=1k,kp<=2k,0.0722,2
128,n<=8,sr<=70%,kvB<=1k,kp<=512,0.9117,2
128,n<=8,sr<=70%,kvB<=1k,kp=0,0.8954,2
128,n<=8,sr<=70%,kvB<=2k,kp<=1k,0.9719,1
128,n<=8,sr<=70%,kvB<=2k,kp<=2k,-0.505,1
128,n<=8,sr<=70%,kvB<=2k,kp<=512,0.9458,1
128,n<=8,sr<=70%,kvB<=2k,kp=0,0.9497,1
128,n<=8,sr>70%,kvB<=1k,kp<=1k,0.5705,4
128,n<=8,sr>70%,kvB<=1k,kp<=2k,0.5645,4
128,n<=8,sr>70%,kvB<=1k,kp<=512,0.9165,4
128,n<=8,sr>70%,kvB<=1k,kp=0,0.8916,4
128,n<=8,sr>70%,kvB<=2k,kp<=1k,0.9731,2
128,n<=8,sr>70%,kvB<=2k,kp<=2k,0.4701,2
128,n<=8,sr>70%,kvB<=2k,kp<=512,0.9209,2
128,n<=8,sr>70%,kvB<=2k,kp=0,0.9718,2
256,n<=128,sr<=15%,kvB<=1k,kp<=1k,0.0706,4
256,n<=128,sr<=15%,kvB<=1k,kp<=2k,0.0702,4
256,n<=128,sr<=15%,kvB<=1k,kp<=512,0.0754,4
256,n<=128,sr<=15%,kvB<=1k,kp=0,0.0753,4
256,n<=128,sr<=15%,kvB<=2k,kp<=1k,0.0488,2
256,n<=128,sr<=15%,kvB<=2k,kp<=2k,0.0469,2
256,n<=128,sr<=15%,kvB<=2k,kp<=512,0.0597,2
256,n<=128,sr<=15%,kvB<=2k,kp=0,0.056,2
256,n<=128,sr<=40%,kvB<=1k,kp<=1k,0.1067,2
256,n<=128,sr<=40%,kvB<=1k,kp<=2k,0.0977,2
256,n<=128,sr<=40%,kvB<=1k,kp<=512,0.0855,2
256,n<=128,sr<=40%,kvB<=1k,kp=0,0.0877,2
256,n<=128,sr<=40%,kvB<=2k,kp<=1k,0.0017,1
256,n<=128,sr<=40%,kvB<=2k,kp<=2k,-0.0338,1
256,n<=128,sr<=40%,kvB<=2k,kp<=512,0.0104,1
256,n<=128,sr<=40%,kvB<=2k,kp=0,-0.0045,1
256,n<=128,sr<=5%,kvB<=1k,kp<=1k,0.0121,8
256,n<=128,sr<=5%,kvB<=1k,kp<=2k,0.0121,8
256,n<=128,sr<=5%,kvB<=1k,kp<=512,0.012,8
256,n<=128,sr<=5%,kvB<=1k,kp=0,0.0154,8
256,n<=128,sr<=5%,kvB<=2k,kp<=1k,0.0275,4
256,n<=128,sr<=5%,kvB<=2k,kp<=2k,0.0176,4
256,n<=128,sr<=5%,kvB<=2k,kp<=512,0.0331,4
256,n<=128,sr<=5%,kvB<=2k,kp=0,0.0335,4
256,n<=128,sr<=70%,kvB<=1k,kp<=1k,0.0286,2
256,n<=128,sr<=70%,kvB<=1k,kp<=2k,0.0681,2
256,n<=128,sr<=70%,kvB<=1k,kp<=512,0.0177,2
256,n<=128,sr<=70%,kvB<=1k,kp=0,0.0065,2
256,n<=128,sr<=70%,kvB<=2k,kp<=1k,-0.0052,1
256,n<=128,sr<=70%,kvB<=2k,kp<=2k,-0.0381,1
256,n<=128,sr<=70%,kvB<=2k,kp<=512,-0.0087,1
256,n<=128,sr<=70%,kvB<=2k,kp=0,-0.0232,1
256,n<=128,sr>70%,kvB<=1k,kp<=1k,0.3121,4
256,n<=128,sr>70%,kvB<=1k,kp<=2k,0.2131,4
256,n<=128,sr>70%,kvB<=1k,kp<=512,0.3093,4
256,n<=128,sr>70%,kvB<=1k,kp=0,0.2673,4
256,n<=128,sr>70%,kvB<=2k,kp<=1k,0.1597,2
256,n<=128,sr>70%,kvB<=2k,kp<=2k,0.1822,2
256,n<=128,sr>70%,kvB<=2k,kp<=512,0.1298,2
256,n<=128,sr>70%,kvB<=2k,kp=0,0.0999,2
256,n<=16,sr<=15%,kvB<=1k,kp<=1k,0.4415,4
256,n<=16,sr<=15%,kvB<=1k,kp<=2k,0.4277,4
256,n<=16,sr<=15%,kvB<=1k,kp<=512,0.4864,4
256,n<=16,sr<=15%,kvB<=1k,kp=0,0.4447,4
256,n<=16,sr<=15%,kvB<=2k,kp<=1k,0.5331,2
256,n<=16,sr<=15%,kvB<=2k,kp<=2k,0.3487,2
256,n<=16,sr<=15%,kvB<=2k,kp<=512,0.4486,2
256,n<=16,sr<=15%,kvB<=2k,kp=0,0.4462,2
256,n<=16,sr<=40%,kvB<=1k,kp<=1k,0.4301,4
256,n<=16,sr<=40%,kvB<=1k,kp<=2k,0.4174,4
256,n<=16,sr<=40%,kvB<=1k,kp<=512,0.543,4
256,n<=16,sr<=40%,kvB<=1k,kp=0,0.4239,4
256,n<=16,sr<=40%,kvB<=2k,kp<=1k,0.523,2
256,n<=16,sr<=40%,kvB<=2k,kp<=2k,0.2419,2
256,n<=16,sr<=40%,kvB<=2k,kp<=512,0.3851,2
256,n<=16,sr<=40%,kvB<=2k,kp=0,0.3467,2
256,n<=16,sr<=70%,kvB<=1k,kp<=1k,0.7575,2
256,n<=16,sr<=70%,kvB<=1k,kp<=2k,0.7243,2
256,n<=16,sr<=70%,kvB<=1k,kp<=512,0.8528,2
256,n<=16,sr<=70%,kvB<=1k,kp=0,0.5665,2
256,n<=16,sr<=70%,kvB<=2k,kp<=1k,0.8256,1
256,n<=16,sr<=70%,kvB<=2k,kp<=2k,0.9205,1
256,n<=16,sr<=70%,kvB<=2k,kp<=512,0.505,1
256,n<=16,sr<=70%,kvB<=2k,kp=0,0.3355,1
256,n<=16,sr>70%,kvB<=1k,kp<=1k,0.7932,4
256,n<=16,sr>70%,kvB<=1k,kp<=2k,0.8061,4
256,n<=16,sr>70%,kvB<=1k,kp<=512,0.8639,4
256,n<=16,sr>70%,kvB<=1k,kp=0,0.8018,4
256,n<=16,sr>70%,kvB<=2k,kp<=1k,0.9447,2
256,n<=16,sr>70%,kvB<=2k,kp<=2k,0.967,2
256,n<=16,sr>70%,kvB<=2k,kp<=512,0.9427,2
256,n<=16,sr>70%,kvB<=2k,kp=0,0.9355,2
256,n<=2,sr<=70%,kvB<=1k,kp<=1k,-0.0863,2
256,n<=2,sr<=70%,kvB<=1k,kp<=2k,3.2949,1
256,n<=2,sr<=70%,kvB<=1k,kp<=512,0.9786,2
256,n<=2,sr<=70%,kvB<=1k,kp=0,0.9777,2
256,n<=2,sr<=70%,kvB<=2k,kp<=1k,0.9915,1
256,n<=2,sr<=70%,kvB<=2k,kp<=2k,0.8696,1
256,n<=2,sr<=70%,kvB<=2k,kp<=512,0.9886,1
256,n<=2,sr<=70%,kvB<=2k,kp=0,0.9911,1
256,n<=32,sr<=15%,kvB<=1k,kp<=1k,0.0586,6
256,n<=32,sr<=15%,kvB<=1k,kp<=2k,0.1166,6
256,n<=32,sr<=15%,kvB<=1k,kp<=512,0.143,6
256,n<=32,sr<=15%,kvB<=1k,kp=0,0.2185,6
256,n<=32,sr<=15%,kvB<=2k,kp<=1k,0.1266,3
256,n<=32,sr<=15%,kvB<=2k,kp<=2k,0.03,3
256,n<=32,sr<=15%,kvB<=2k,kp<=512,0.1959,3
256,n<=32,sr<=15%,kvB<=2k,kp=0,0.1812,3
256,n<=32,sr<=40%,kvB<=1k,kp<=1k,0.062,2
256,n<=32,sr<=40%,kvB<=1k,kp<=2k,0.168,2
256,n<=32,sr<=40%,kvB<=1k,kp<=512,0.1551,2
256,n<=32,sr<=40%,kvB<=1k,kp=0,0.2053,2
256,n<=32,sr<=40%,kvB<=2k,kp<=1k,0.1213,1
256,n<=32,sr<=40%,kvB<=2k,kp<=2k,-0.0872,1
256,n<=32,sr<=40%,kvB<=2k,kp<=512,0.1641,1
256,n<=32,sr<=40%,kvB<=2k,kp=0,0.0744,1
256,n<=32,sr<=5%,kvB<=1k,kp<=1k,0.004,2
256,n<=32,sr<=5%,kvB<=1k,kp<=2k,0.0079,2
256,n<=32,sr<=5%,kvB<=1k,kp<=512,0.121,2
256,n<=32,sr<=5%,kvB<=1k,kp=0,0.1954,2
256,n<=32,sr<=5%,kvB<=2k,kp<=1k,0.1482,1
256,n<=32,sr<=5%,kvB<=2k,kp<=2k,0.0091,1
256,n<=32,sr<=5%,kvB<=2k,kp<=512,0.2218,1
256,n<=32,sr<=5%,kvB<=2k,kp=0,0.1773,1
256,n<=32,sr<=70%,kvB<=1k,kp<=1k,-0.0586,2
256,n<=32,sr<=70%,kvB<=1k,kp<=2k,0.0207,2
256,n<=32,sr<=70%,kvB<=1k,kp<=512,0.1627,2
256,n<=32,sr<=70%,kvB<=1k,kp=0,0.0395,2
256,n<=32,sr<=70%,kvB<=2k,kp<=1k,0.1998,1
256,n<=32,sr<=70%,kvB<=2k,kp<=2k,-0.0124,1
256,n<=32,sr<=70%,kvB<=2k,kp<=512,0.0321,1
256,n<=32,sr<=70%,kvB<=2k,kp=0,-0.0882,1
256,n<=32,sr>70%,kvB<=1k,kp<=1k,0.1269,4
256,n<=32,sr>70%,kvB<=1k,kp<=2k,0.1969,4
256,n<=32,sr>70%,kvB<=1k,kp<=512,0.2862,4
256,n<=32,sr>70%,kvB<=1k,kp=0,-0.0535,4
256,n<=32,sr>70%,kvB<=2k,kp<=1k,0.0702,2
256,n<=32,sr>70%,kvB<=2k,kp<=2k,0.0596,2
256,n<=32,sr>70%,kvB<=2k,kp<=512,-0.0888,2
256,n<=32,sr>70%,kvB<=2k,kp=0,-0.3971,2
256,n<=4,sr<=40%,kvB<=1k,kp<=512,0.9571,2
256,n<=4,sr<=40%,kvB<=1k,kp=0,0.9734,2
256,n<=4,sr<=40%,kvB<=2k,kp<=1k,0.9962,1
256,n<=4,sr<=40%,kvB<=2k,kp<=2k,-0.5489,1
256,n<=4,sr<=40%,kvB<=2k,kp<=512,0.9971,1
256,n<=4,sr<=40%,kvB<=2k,kp=0,0.9868,1
256,n<=4,sr<=70%,kvB<=1k,kp<=2k,1.2661,1
256,n<=4,sr<=70%,kvB<=1k,kp<=512,0.9829,1
256,n<=4,sr<=70%,kvB<=1k,kp=0,0.9687,2
256,n<=4,sr<=70%,kvB<=2k,kp<=1k,0.9873,1
256,n<=4,sr<=70%,kvB<=2k,kp<=2k,0.1649,1
256,n<=4,sr<=70%,kvB<=2k,kp<=512,0.9921,1
256,n<=4,sr<=70%,kvB<=2k,kp=0,0.9869,1
256,n<=4,sr>70%,kvB<=1k,kp<=512,0.9569,2
256,n<=4,sr>70%,kvB<=1k,kp=0,0.9887,2
256,n<=4,sr>70%,kvB<=2k,kp<=1k,1.0,1
256,n<=4,sr>70%,kvB<=2k,kp<=2k,0.2639,1
256,n<=4,sr>70%,kvB<=2k,kp<=512,0.9901,1
256,n<=4,sr>70%,kvB<=2k,kp=0,1.0011,1
256,n<=512,sr<=15%,kvB<=1k,kp<=2k,-0.1104,2
256,n<=512,sr<=15%,kvB<=1k,kp<=512,0.0792,2
256,n<=512,sr<=15%,kvB<=1k,kp=0,0.2936,2
256,n<=512,sr<=15%,kvB<=2k,kp<=2k,0.0447,2
256,n<=512,sr<=15%,kvB<=2k,kp<=512,0.1921,2
256,n<=512,sr<=15%,kvB<=2k,kp=0,0.1509,2
256,n<=512,sr<=40%,kvB<=1k,kp<=2k,0.2241,1
256,n<=512,sr<=40%,kvB<=1k,kp<=512,0.2236,1
256,n<=512,sr<=40%,kvB<=1k,kp=0,0.8694,1
256,n<=512,sr<=40%,kvB<=2k,kp<=2k,0.001,1
256,n<=512,sr<=40%,kvB<=2k,kp<=512,-15.9534,1
256,n<=512,sr<=40%,kvB<=2k,kp=0,0.0007,1
256,n<=512,sr<=5%,kvB<=1k,kp<=2k,0.0006,4
256,n<=512,sr<=5%,kvB<=1k,kp<=512,0.0669,4
256,n<=512,sr<=5%,kvB<=1k,kp=0,0.0014,4
256,n<=512,sr<=5%,kvB<=2k,kp<=2k,0.0614,4
256,n<=512,sr<=5%,kvB<=2k,kp<=512,0.0023,4
256,n<=512,sr<=5%,kvB<=2k,kp=0,0.0016,4
256,n<=512,sr<=70%,kvB<=1k,kp<=512,0.2184,1
256,n<=512,sr<=70%,kvB<=1k,kp=0,0.2202,1
256,n<=512,sr<=70%,kvB<=2k,kp<=2k,-0.0045,1
256,n<=512,sr<=70%,kvB<=2k,kp<=512,-0.0049,1
256,n<=512,sr<=70%,kvB<=2k,kp=0,0.5595,1
256,n<=512,sr>70%,kvB<=1k,kp<=2k,3.2642,2
256,n<=512,sr>70%,kvB<=1k,kp<=512,0.0193,2
256,n<=512,sr>70%,kvB<=1k,kp=0,0.4122,2
256,n<=512,sr>70%,kvB<=2k,kp<=2k,6.9521,2
256,n<=512,sr>70%,kvB<=2k,kp<=512,0.0573,2
256,n<=512,sr>70%,kvB<=2k,kp=0,-0.0118,1
256,n<=64,sr<=15%,kvB<=1k,kp<=1k,0.0672,4
256,n<=64,sr<=15%,kvB<=1k,kp<=2k,0.0858,4
256,n<=64,sr<=15%,kvB<=1k,kp<=512,0.1155,4
256,n<=64,sr<=15%,kvB<=1k,kp=0,0.1302,4
256,n<=64,sr<=15%,kvB<=2k,kp<=1k,0.1092,2
256,n<=64,sr<=15%,kvB<=2k,kp<=2k,0.0316,2
256,n<=64,sr<=15%,kvB<=2k,kp<=512,0.126,2
256,n<=64,sr<=15%,kvB<=2k,kp=0,0.11,2
256,n<=64,sr<=40%,kvB<=1k,kp<=1k,0.098,2
256,n<=64,sr<=40%,kvB<=1k,kp<=2k,0.1268,2
256,n<=64,sr<=40%,kvB<=1k,kp<=512,0.1496,2
256,n<=64,sr<=40%,kvB<=1k,kp=0,0.1512,2
256,n<=64,sr<=40%,kvB<=2k,kp<=1k,0.0513,1
256,n<=64,sr<=40%,kvB<=2k,kp<=2k,-0.0091,1
256,n<=64,sr<=40%,kvB<=2k,kp<=512,0.0541,1
256,n<=64,sr<=40%,kvB<=2k,kp=0,0.0394,1
256,n<=64,sr<=5%,kvB<=1k,kp<=1k,0.0086,6
256,n<=64,sr<=5%,kvB<=1k,kp<=2k,0.0423,6
256,n<=64,sr<=5%,kvB<=1k,kp<=512,0.0652,6
256,n<=64,sr<=5%,kvB<=1k,kp=0,0.0826,6
256,n<=64,sr<=5%,kvB<=2k,kp<=1k,0.0926,3
256,n<=64,sr<=5%,kvB<=2k,kp<=2k,0.0108,3
256,n<=64,sr<=5%,kvB<=2k,kp<=512,0.1087,3
256,n<=64,sr<=5%,kvB<=2k,kp=0,0.0886,3
256,n<=64,sr<=70%,kvB<=1k,kp<=1k,0.0926,2
256,n<=64,sr<=70%,kvB<=1k,kp<=2k,0.0631,2
256,n<=64,sr<=70%,kvB<=1k,kp<=512,0.083,2
256,n<=64,sr<=70%,kvB<=1k,kp=0,0.0399,2
256,n<=64,sr<=70%,kvB<=2k,kp<=1k,0.0346,1
256,n<=64,sr<=70%,kvB<=2k,kp<=2k,0.0938,1
256,n<=64,sr<=70%,kvB<=2k,kp<=512,0.0085,1
256,n<=64,sr<=70%,kvB<=2k,kp=0,-0.0397,1
256,n<=64,sr>70%,kvB<=1k,kp<=1k,0.3349,4
256,n<=64,sr>70%,kvB<=1k,kp<=2k,0.1072,4
256,n<=64,sr>70%,kvB<=1k,kp<=512,0.3543,4
256,n<=64,sr>70%,kvB<=1k,kp=0,0.165,4
256,n<=64,sr>70%,kvB<=2k,kp<=1k,0.1286,2
256,n<=64,sr>70%,kvB<=2k,kp<=2k,0.3403,2
256,n<=64,sr>70%,kvB<=2k,kp<=512,-0.0317,2
256,n<=64,sr>70%,kvB<=2k,kp=0,-0.0876,2
256,n<=8,sr<=15%,kvB<=1k,kp<=1k,-0.0292,2
256,n<=8,sr<=15%,kvB<=1k,kp<=2k,-0.0389,2
256,n<=8,sr<=15%,kvB<=1k,kp<=512,0.4264,2
256,n<=8,sr<=15%,kvB<=1k,kp=0,0.8846,2
256,n<=8,sr<=15%,kvB<=2k,kp<=1k,0.5044,1
256,n<=8,sr<=15%,kvB<=2k,kp<=2k,-0.1091,1
256,n<=8,sr<=15%,kvB<=2k,kp<=512,0.8514,1
256,n<=8,sr<=15%,kvB<=2k,kp=0,0.9429,1
256,n<=8,sr<=40%,kvB<=1k,kp<=1k,-0.2861,4
256,n<=8,sr<=40%,kvB<=1k,kp<=2k,-0.3383,4
256,n<=8,sr<=40%,kvB<=1k,kp<=512,0.2411,4
256,n<=8,sr<=40%,kvB<=1k,kp=0,0.8654,4
256,n<=8,sr<=40%,kvB<=2k,kp<=1k,0.3929,2
256,n<=8,sr<=40%,kvB<=2k,kp<=2k,-0.413,2
256,n<=8,sr<=40%,kvB<=2k,kp<=512,0.8331,2
256,n<=8,sr<=40%,kvB<=2k,kp=0,0.9427,2
256,n<=8,sr<=70%,kvB<=1k,kp<=1k,-0.8506,2
256,n<=8,sr<=70%,kvB<=1k,kp<=2k,-0.9065,2
256,n<=8,sr<=70%,kvB<=1k,kp<=512,0.0231,2
256,n<=8,sr<=70%,kvB<=1k,kp=0,0.8578,2
256,n<=8,sr<=70%,kvB<=2k,kp<=1k,0.2088,1
256,n<=8,sr<=70%,kvB<=2k,kp<=2k,-0.9767,1
256,n<=8,sr<=70%,kvB<=2k,kp<=512,0.8068,1
256,n<=8,sr<=70%,kvB<=2k,kp=0,0.9445,1
256,n<=8,sr>70%,kvB<=1k,kp<=1k,-1.7574,4
256,n<=8,sr>70%,kvB<=1k,kp<=2k,-2.3944,4
256,n<=8,sr>70%,kvB<=1k,kp<=512,-0.1105,4
256,n<=8,sr>70%,kvB<=1k,kp=0,0.8883,4
256,n<=8,sr>70%,kvB<=2k,kp<=1k,0.0751,2
256,n<=8,sr>70%,kvB<=2k,kp<=2k,-1.8683,2
256,n<=8,sr>70%,kvB<=2k,kp<=512,0.7983,2
256,n<=8,sr>70%,kvB<=2k,kp=0,0.9478,2
512,n<=128,sr<=15%,kvB<=1k,kp<=1k,0.0701,4
512,n<=128,sr<=15%,kvB<=1k,kp<=2k,0.0794,4
512,n<=128,sr<=15%,kvB<=1k,kp<=512,0.0714,4
512,n<=128,sr<=15%,kvB<=1k,kp=0,0.0742,4
512,n<=128,sr<=15%,kvB<=2k,kp<=1k,0.0488,2
512,n<=128,sr<=15%,kvB<=2k,kp<=2k,0.0394,2
512,n<=128,sr<=15%,kvB<=2k,kp<=512,0.0514,2
512,n<=128,sr<=15%,kvB<=2k,kp=0,0.0518,2
512,n<=128,sr<=40%,kvB<=1k,kp<=1k,0.1077,2
512,n<=128,sr<=40%,kvB<=1k,kp<=2k,0.123,2
512,n<=128,sr<=40%,kvB<=1k,kp<=512,0.1065,2
512,n<=128,sr<=40%,kvB<=1k,kp=0,0.1069,2
512,n<=128,sr<=40%,kvB<=2k,kp<=1k,-0.0145,1
512,n<=128,sr<=40%,kvB<=2k,kp<=2k,-0.0166,1
512,n<=128,sr<=40%,kvB<=2k,kp<=512,-0.0179,1
512,n<=128,sr<=40%,kvB<=2k,kp=0,-0.0077,1
512,n<=128,sr<=5%,kvB<=1k,kp<=1k,0.0105,8
512,n<=128,sr<=5%,kvB<=1k,kp<=2k,0.0145,8
512,n<=128,sr<=5%,kvB<=1k,kp<=512,0.0113,8
512,n<=128,sr<=5%,kvB<=1k,kp=0,0.0121,8
512,n<=128,sr<=5%,kvB<=2k,kp<=1k,0.0229,4
512,n<=128,sr<=5%,kvB<=2k,kp<=2k,0.012,4
512,n<=128,sr<=5%,kvB<=2k,kp<=512,0.0268,4
512,n<=128,sr<=5%,kvB<=2k,kp=0,0.0283,4
512,n<=128,sr<=70%,kvB<=1k,kp<=1k,0.0316,2
512,n<=128,sr<=70%,kvB<=1k,kp<=2k,0.0786,2
512,n<=128,sr<=70%,kvB<=1k,kp<=512,0.0256,2
512,n<=128,sr<=70%,kvB<=1k,kp=0,0.0352,2
512,n<=128,sr<=70%,kvB<=2k,kp<=1k,-0.0507,1
512,n<=128,sr<=70%,kvB<=2k,kp<=2k,-0.0273,1
512,n<=128,sr<=70%,kvB<=2k,kp<=512,-0.0334,1
512,n<=128,sr<=70%,kvB<=2k,kp=0,-0.0228,1
512,n<=128,sr>70%,kvB<=1k,kp<=1k,0.2665,4
512,n<=128,sr>70%,kvB<=1k,kp<=2k,0.2596,4
512,n<=128,sr>70%,kvB<=1k,kp<=512,0.2676,4
512,n<=128,sr>70%,kvB<=1k,kp=0,0.3022,4
512,n<=128,sr>70%,kvB<=2k,kp<=1k,0.0589,2
512,n<=128,sr>70%,kvB<=2k,kp<=2k,0.0396,2
512,n<=128,sr>70%,kvB<=2k,kp<=512,0.0971,2
512,n<=128,sr>70%,kvB<=2k,kp=0,0.1128,2
512,n<=16,sr<=15%,kvB<=1k,kp<=1k,0.0668,4
512,n<=16,sr<=15%,kvB<=1k,kp<=2k,0.0917,4
512,n<=16,sr<=15%,kvB<=1k,kp<=512,0.1166,4
512,n<=16,sr<=15%,kvB<=1k,kp=0,0.4043,4
512,n<=16,sr<=15%,kvB<=2k,kp<=1k,0.2001,2
512,n<=16,sr<=15%,kvB<=2k,kp<=2k,0.0154,2
512,n<=16,sr<=15%,kvB<=2k,kp<=512,0.3595,2
512,n<=16,sr<=15%,kvB<=2k,kp=0,0.4341,2
512,n<=16,sr<=40%,kvB<=1k,kp<=1k,0.1186,4
512,n<=16,sr<=40%,kvB<=1k,kp<=2k,0.1812,4
512,n<=16,sr<=40%,kvB<=1k,kp<=512,0.1156,4
512,n<=16,sr<=40%,kvB<=1k,kp=0,0.3539,4
512,n<=16,sr<=40%,kvB<=2k,kp<=1k,0.2098,2
512,n<=16,sr<=40%,kvB<=2k,kp<=2k,0.0168,2
512,n<=16,sr<=40%,kvB<=2k,kp<=512,0.3108,2
512,n<=16,sr<=40%,kvB<=2k,kp=0,0.388,2
512,n<=16,sr<=70%,kvB<=1k,kp<=1k,-0.0684,2
512,n<=16,sr<=70%,kvB<=1k,kp<=2k,0.0623,2
512,n<=16,sr<=70%,kvB<=1k,kp<=512,0.026,2
512,n<=16,sr<=70%,kvB<=1k,kp=0,0.3893,2
512,n<=16,sr<=70%,kvB<=2k,kp<=1k,0.0974,1
512,n<=16,sr<=70%,kvB<=2k,kp<=2k,-0.0485,1
512,n<=16,sr<=70%,kvB<=2k,kp<=512,0.3204,1
512,n<=16,sr<=70%,kvB<=2k,kp=0,0.3451,1
512,n<=16,sr>70%,kvB<=1k,kp<=1k,-0.2662,4
512,n<=16,sr>70%,kvB<=1k,kp<=2k,0.2973,4
512,n<=16,sr>70%,kvB<=1k,kp<=512,0.1572,4
512,n<=16,sr>70%,kvB<=1k,kp=0,0.4774,4
512,n<=16,sr>70%,kvB<=2k,kp<=1k,0.2471,2
512,n<=16,sr>70%,kvB<=2k,kp<=2k,-0.4816,2
512,n<=16,sr>70%,kvB<=2k,kp<=512,0.3131,2
512,n<=16,sr>70%,kvB<=2k,kp=0,0.6094,2
512,n<=2,sr<=70%,kvB<=1k,kp<=1k,0.1726,1
512,n<=2,sr<=70%,kvB<=1k,kp<=2k,-0.0682,1
512,n<=2,sr<=70%,kvB<=1k,kp<=512,0.9281,2
512,n<=2,sr<=70%,kvB<=1k,kp=0,0.9751,2
512,n<=2,sr<=70%,kvB<=2k,kp<=1k,0.9861,1
512,n<=2,sr<=70%,kvB<=2k,kp<=2k,-0.1426,1
512,n<=2,sr<=70%,kvB<=2k,kp<=512,0.9966,1
512,n<=2,sr<=70%,kvB<=2k,kp=0,0.9784,1
512,n<=32,sr<=15%,kvB<=1k,kp<=1k,0.0715,6
512,n<=32,sr<=15%,kvB<=1k,kp<=2k,0.0811,6
512,n<=32,sr<=15%,kvB<=1k,kp<=512,0.1138,6
512,n<=32,sr<=15%,kvB<=1k,kp=0,0.2237,6
512,n<=32,sr<=15%,kvB<=2k,kp<=1k,0.1518,3
512,n<=32,sr<=15%,kvB<=2k,kp<=2k,0.0122,3
512,n<=32,sr<=15%,kvB<=2k,kp<=512,0.2213,3
512,n<=32,sr<=15%,kvB<=2k,kp=0,0.1973,3
512,n<=32,sr<=40%,kvB<=1k,kp<=1k,0.0951,2
512,n<=32,sr<=40%,kvB<=1k,kp<=2k,0.1263,2
512,n<=32,sr<=40%,kvB<=1k,kp<=512,0.1775,2
512,n<=32,sr<=40%,kvB<=1k,kp=0,0.238,2
512,n<=32,sr<=40%,kvB<=2k,kp<=1k,0.1893,1
512,n<=32,sr<=40%,kvB<=2k,kp<=2k,-0.1367,1
512,n<=32,sr<=40%,kvB<=2k,kp<=512,0.1858,1
512,n<=32,sr<=40%,kvB<=2k,kp=0,0.1555,1
512,n<=32,sr<=5%,kvB<=1k,kp<=1k,0.0244,2
512,n<=32,sr<=5%,kvB<=1k,kp<=2k,0.0302,2
512,n<=32,sr<=5%,kvB<=1k,kp<=512,0.0647,2
512,n<=32,sr<=5%,kvB<=1k,kp=0,0.1856,2
512,n<=32,sr<=5%,kvB<=2k,kp<=1k,0.1455,1
512,n<=32,sr<=5%,kvB<=2k,kp<=2k,0.01,1
512,n<=32,sr<=5%,kvB<=2k,kp<=512,0.2001,1
512,n<=32,sr<=5%,kvB<=2k,kp=0,0.2175,1
512,n<=32,sr<=70%,kvB<=1k,kp<=1k,0.0365,2
512,n<=32,sr<=70%,kvB<=1k,kp<=2k,0.0493,2
512,n<=32,sr<=70%,kvB<=1k,kp<=512,0.2202,2
512,n<=32,sr<=70%,kvB<=1k,kp=0,0.1808,2
512,n<=32,sr<=70%,kvB<=2k,kp<=1k,0.2637,1
512,n<=32,sr<=70%,kvB<=2k,kp<=2k,-0.1173,1
512,n<=32,sr<=70%,kvB<=2k,kp<=512,0.2251,1
512,n<=32,sr<=70%,kvB<=2k,kp=0,0.07,1
512,n<=32,sr>70%,kvB<=1k,kp<=1k,0.2975,4
512,n<=32,sr>70%,kvB<=1k,kp<=2k,-0.0771,4
512,n<=32,sr>70%,kvB<=1k,kp<=512,0.631,4
512,n<=32,sr>70%,kvB<=1k,kp=0,0.3628,4
512,n<=32,sr>70%,kvB<=2k,kp<=1k,0.5803,2
512,n<=32,sr>70%,kvB<=2k,kp<=2k,0.6546,2
512,n<=32,sr>70%,kvB<=2k,kp<=512,0.2549,2
512,n<=32,sr>70%,kvB<=2k,kp=0,-0.1284,2
512,n<=4,sr<=40%,kvB<=1k,kp<=1k,-0.1516,2
512,n<=4,sr<=40%,kvB<=1k,kp<=2k,-0.1544,2
512,n<=4,sr<=40%,kvB<=1k,kp<=512,-0.0355,2
512,n<=4,sr<=40%,kvB<=1k,kp=0,0.8495,2
512,n<=4,sr<=40%,kvB<=2k,kp<=1k,0.2686,1
512,n<=4,sr<=40%,kvB<=2k,kp<=2k,-0.3348,1
512,n<=4,sr<=40%,kvB<=2k,kp<=512,0.9012,1
512,n<=4,sr<=40%,kvB<=2k,kp=0,0.9317,1
512,n<=4,sr<=70%,kvB<=1k,kp<=1k,-0.7497,2
512,n<=4,sr<=70%,kvB<=1k,kp<=2k,-0.8047,2
512,n<=4,sr<=70%,kvB<=1k,kp<=512,-0.4883,2
512,n<=4,sr<=70%,kvB<=1k,kp=0,0.802,2
512,n<=4,sr<=70%,kvB<=2k,kp<=1k,0.2607,1
512,n<=4,sr<=70%,kvB<=2k,kp<=2k,-0.9627,1
512,n<=4,sr<=70%,kvB<=2k,kp<=512,0.8841,1
512,n<=4,sr<=70%,kvB<=2k,kp=0,0.9381,1
512,n<=4,sr>70%,kvB<=1k,kp<=1k,0.8937,2
512,n<=4,sr>70%,kvB<=1k,kp<=2k,0.8812,2
512,n<=4,sr>70%,kvB<=1k,kp<=512,0.6054,2
512,n<=4,sr>70%,kvB<=1k,kp=0,0.8724,2
512,n<=4,sr>70%,kvB<=2k,kp<=1k,0.8837,1
512,n<=4,sr>70%,kvB<=2k,kp<=2k,0.9146,1
512,n<=4,sr>70%,kvB<=2k,kp<=512,0.8104,1
512,n<=4,sr>70%,kvB<=2k,kp=0,0.9319,1
512,n<=64,sr<=15%,kvB<=1k,kp<=1k,0.072,4
512,n<=64,sr<=15%,kvB<=1k,kp<=2k,0.0794,4
512,n<=64,sr<=15%,kvB<=1k,kp<=512,0.0984,4
512,n<=64,sr<=15%,kvB<=1k,kp=0,0.128,4
512,n<=64,sr<=15%,kvB<=2k,kp<=1k,0.1179,2
512,n<=64,sr<=15%,kvB<=2k,kp<=2k,0.0343,2
512,n<=64,sr<=15%,kvB<=2k,kp<=512,0.1153,2
512,n<=64,sr<=15%,kvB<=2k,kp=0,0.1183,2
512,n<=64,sr<=40%,kvB<=1k,kp<=1k,0.0946,2
512,n<=64,sr<=40%,kvB<=1k,kp<=2k,0.1336,2
512,n<=64,sr<=40%,kvB<=1k,kp<=512,0.1348,2
512,n<=64,sr<=40%,kvB<=1k,kp=0,0.1532,2
512,n<=64,sr<=40%,kvB<=2k,kp<=1k,0.0388,1
512,n<=64,sr<=40%,kvB<=2k,kp<=2k,0.0172,1
512,n<=64,sr<=40%,kvB<=2k,kp<=512,0.0609,1
512,n<=64,sr<=40%,kvB<=2k,kp=0,0.0533,1
512,n<=64,sr<=5%,kvB<=1k,kp<=1k,0.0223,6
512,n<=64,sr<=5%,kvB<=1k,kp<=2k,0.0256,6
512,n<=64,sr<=5%,kvB<=1k,kp<=512,0.0475,6
512,n<=64,sr<=5%,kvB<=1k,kp=0,0.0721,6
512,n<=64,sr<=5%,kvB<=2k,kp<=1k,0.0998,3
512,n<=64,sr<=5%,kvB<=2k,kp<=2k,0.0195,3
512,n<=64,sr<=5%,kvB<=2k,kp<=512,0.101,3
512,n<=64,sr<=5%,kvB<=2k,kp=0,0.1013,3
512,n<=64,sr<=70%,kvB<=1k,kp<=1k,0.0582,2
512,n<=64,sr<=70%,kvB<=1k,kp<=2k,0.0564,2
512,n<=64,sr<=70%,kvB<=1k,kp<=512,0.0361,2
512,n<=64,sr<=70%,kvB<=1k,kp=0,0.0729,2
512,n<=64,sr<=70%,kvB<=2k,kp<=1k,-0.0459,1
512,n<=64,sr<=70%,kvB<=2k,kp<=2k,0.0186,1
512,n<=64,sr<=70%,kvB<=2k,kp<=512,0.0577,1
512,n<=64,sr<=70%,kvB<=2k,kp=0,0.0045,1
512,n<=64,sr>70%,kvB<=1k,kp<=1k,0.2363,4
512,n<=64,sr>70%,kvB<=1k,kp<=2k,0.4345,4
512,n<=64,sr>70%,kvB<=1k,kp<=512,0.2835,4
512,n<=64,sr>70%,kvB<=1k,kp=0,0.301,4
512,n<=64,sr>70%,kvB<=2k,kp<=1k,0.2029,2
512,n<=64,sr>70%,kvB<=2k,kp<=2k,-0.0415,2
512,n<=64,sr>70%,kvB<=2k,kp<=512,0.1768,2
512,n<=64,sr>70%,kvB<=2k,kp=0,-0.015,2
512,n<=8,sr<=15%,kvB<=1k,kp<=1k,0.4378,2
512,n<=8,sr<=15%,kvB<=1k,kp<=2k,0.4106,2
512,n<=8,sr<=15%,kvB<=1k,kp<=512,0.3465,2
512,n<=8,sr<=15%,kvB<=1k,kp=0,0.6108,2
512,n<=8,sr<=15%,kvB<=2k,kp<=1k,0.4547,1
512,n<=8,sr<=15%,kvB<=2k,kp<=2k,0.327,1
512,n<=8,sr<=15%,kvB<=2k,kp<=512,0.524,1
512,n<=8,sr<=15%,kvB<=2k,kp=0,0.8809,1
512,n<=8,sr<=40%,kvB<=1k,kp<=1k,0.6102,4
512,n<=8,sr<=40%,kvB<=1k,kp<=2k,0.5745,4
512,n<=8,sr<=40%,kvB<=1k,kp<=512,0.4119,4
512,n<=8,sr<=40%,kvB<=1k,kp=0,0.5295,4
512,n<=8,sr<=40%,kvB<=2k,kp<=1k,0.4399,2
512,n<=8,sr<=40%,kvB<=2k,kp<=2k,0.5444,2
512,n<=8,sr<=40%,kvB<=2k,kp<=512,0.4675,2
512,n<=8,sr<=40%,kvB<=2k,kp=0,0.881,2
512,n<=8,sr<=70%,kvB<=1k,kp<=1k,0.7826,2
512,n<=8,sr<=70%,kvB<=1k,kp<=2k,0.7478,2
512,n<=8,sr<=70%,kvB<=1k,kp<=512,0.4717,2
512,n<=8,sr<=70%,kvB<=1k,kp=0,0.3998,2
512,n<=8,sr<=70%,kvB<=2k,kp<=1k,0.423,1
512,n<=8,sr<=70%,kvB<=2k,kp<=2k,0.9164,1
512,n<=8,sr<=70%,kvB<=2k,kp<=512,0.2328,1
512,n<=8,sr<=70%,kvB<=2k,kp=0,0.8704,1
512,n<=8,sr>70%,kvB<=1k,kp<=1k,0.8598,4
512,n<=8,sr>70%,kvB<=1k,kp<=2k,0.8703,4
512,n<=8,sr>70%,kvB<=1k,kp<=512,0.7118,4
512,n<=8,sr>70%,kvB<=1k,kp=0,0.5242,4
512,n<=8,sr>70%,kvB<=2k,kp<=1k,0.0708,2
512,n<=8,sr>70%,kvB<=2k,kp<=2k,0.9691,2
512,n<=8,sr>70%,kvB<=2k,kp<=512,-0.8408,2
512,n<=8,sr>70%,kvB<=2k,kp=0,0.8314,2
1024,n<=128,sr<=15%,kvB<=1k,kp<=1k,0.0749,4
1024,n<=128,sr<=15%,kvB<=1k,kp<=2k,0.0808,4
1024,n<=128,sr<=15%,kvB<=1k,kp<=512,0.0787,4
1024,n<=128,sr<=15%,kvB<=1k,kp=0,0.0792,4
1024,n<=128,sr<=15%,kvB<=2k,kp<=1k,0.0442,2
1024,n<=128,sr<=15%,kvB<=2k,kp<=2k,0.0431,2
1024,n<=128,sr<=15%,kvB<=2k,kp<=512,0.0469,2
1024,n<=128,sr<=15%,kvB<=2k,kp=0,0.0493,2
1024,n<=128,sr<=40%,kvB<=1k,kp<=1k,0.111,2
1024,n<=128,sr<=40%,kvB<=1k,kp<=2k,0.1037,2
1024,n<=128,sr<=40%,kvB<=1k,kp<=512,0.0918,2
1024,n<=128,sr<=40%,kvB<=1k,kp=0,0.0964,2
1024,n<=128,sr<=40%,kvB<=2k,kp<=1k,-0.0117,1
1024,n<=128,sr<=40%,kvB<=2k,kp<=2k,-0.006,1
1024,n<=128,sr<=40%,kvB<=2k,kp<=512,-0.0147,1
1024,n<=128,sr<=40%,kvB<=2k,kp=0,-0.0159,1
1024,n<=128,sr<=5%,kvB<=1k,kp<=1k,0.0122,8
1024,n<=128,sr<=5%,kvB<=1k,kp<=2k,0.0129,8
1024,n<=128,sr<=5%,kvB<=1k,kp<=512,0.0135,8
1024,n<=128,sr<=5%,kvB<=1k,kp=0,0.0135,8
1024,n<=128,sr<=5%,kvB<=2k,kp<=1k,0.0149,4
1024,n<=128,sr<=5%,kvB<=2k,kp<=2k,0.0134,4
1024,n<=128,sr<=5%,kvB<=2k,kp<=512,0.0163,4
1024,n<=128,sr<=5%,kvB<=2k,kp=0,0.0206,4
1024,n<=128,sr<=70%,kvB<=1k,kp<=1k,0.0352,2
1024,n<=128,sr<=70%,kvB<=1k,kp<=2k,0.0483,2
1024,n<=128,sr<=70%,kvB<=1k,kp<=512,-0.0005,2
1024,n<=128,sr<=70%,kvB<=1k,kp=0,0.0028,2
1024,n<=128,sr<=70%,kvB<=2k,kp<=1k,-0.0323,1
1024,n<=128,sr<=70%,kvB<=2k,kp<=2k,-0.0237,1
1024,n<=128,sr<=70%,kvB<=2k,kp<=512,-0.0323,1
1024,n<=128,sr<=70%,kvB<=2k,kp=0,-0.0254,1
1024,n<=128,sr>70%,kvB<=1k,kp<=1k,0.284,4
1024,n<=128,sr>70%,kvB<=1k,kp<=2k,0.2515,4
1024,n<=128,sr>70%,kvB<=1k,kp<=512,0.2437,4
1024,n<=128,sr>70%,kvB<=1k,kp=0,0.2591,4
1024,n<=128,sr>70%,kvB<=2k,kp<=1k,0.0864,2
1024,n<=128,sr>70%,kvB<=2k,kp<=2k,0.0839,2
1024,n<=128,sr>70%,kvB<=2k,kp<=512,0.1121,2
1024,n<=128,sr>70%,kvB<=2k,kp=0,0.1267,2
1024,n<=16,sr<=15%,kvB<=1k,kp<=1k,0.0932,4
1024,n<=16,sr<=15%,kvB<=1k,kp<=2k,0.1018,4
1024,n<=16,sr<=15%,kvB<=1k,kp<=512,0.0633,4
1024,n<=16,sr<=15%,kvB<=1k,kp=0,0.1372,4
1024,n<=16,sr<=15%,kvB<=2k,kp<=1k,0.1009,2
1024,n<=16,sr<=15%,kvB<=2k,kp<=2k,0.0686,2
1024,n<=16,sr<=15%,kvB<=2k,kp<=512,0.2425,2
1024,n<=16,sr<=15%,kvB<=2k,kp=0,0.3937,2
1024,n<=16,sr<=40%,kvB<=1k,kp<=1k,0.1946,4
1024,n<=16,sr<=40%,kvB<=1k,kp<=2k,0.1473,4
1024,n<=16,sr<=40%,kvB<=1k,kp<=512,0.0432,4
1024,n<=16,sr<=40%,kvB<=1k,kp=0,0.183,4
1024,n<=16,sr<=40%,kvB<=2k,kp<=1k,0.1263,2
1024,n<=16,sr<=40%,kvB<=2k,kp<=2k,0.0908,2
1024,n<=16,sr<=40%,kvB<=2k,kp<=512,0.2915,2
1024,n<=16,sr<=40%,kvB<=2k,kp=0,0.4067,2
1024,n<=16,sr<=70%,kvB<=1k,kp<=1k,0.2008,2
1024,n<=16,sr<=70%,kvB<=1k,kp<=2k,0.2197,2
1024,n<=16,sr<=70%,kvB<=1k,kp<=512,0.0231,2
1024,n<=16,sr<=70%,kvB<=1k,kp=0,0.2689,2
1024,n<=16,sr<=70%,kvB<=2k,kp<=1k,0.2036,1
1024,n<=16,sr<=70%,kvB<=2k,kp<=2k,0.037,1
1024,n<=16,sr<=70%,kvB<=2k,kp<=512,0.2953,1
1024,n<=16,sr<=70%,kvB<=2k,kp=0,0.3054,1
1024,n<=16,sr>70%,kvB<=1k,kp<=1k,0.2861,4
1024,n<=16,sr>70%,kvB<=1k,kp<=2k,0.2463,4
1024,n<=16,sr>70%,kvB<=1k,kp<=512,0.1469,4
1024,n<=16,sr>70%,kvB<=1k,kp=0,0.5675,4
1024,n<=16,sr>70%,kvB<=2k,kp<=1k,-0.1852,2
1024,n<=16,sr>70%,kvB<=2k,kp<=2k,-0.0982,2
1024,n<=16,sr>70%,kvB<=2k,kp<=512,0.4183,2
1024,n<=16,sr>70%,kvB<=2k,kp=0,0.346,2
1024,n<=2,sr<=70%,kvB<=1k,kp<=512,0.5311,2
1024,n<=2,sr<=70%,kvB<=1k,kp=0,0.3347,2
1024,n<=2,sr<=70%,kvB<=2k,kp<=1k,0.6172,1
1024,n<=2,sr<=70%,kvB<=2k,kp<=2k,1.1553,1
1024,n<=2,sr<=70%,kvB<=2k,kp<=512,0.77,1
1024,n<=2,sr<=70%,kvB<=2k,kp=0,0.9132,1
1024,n<=32,sr<=15%,kvB<=1k,kp<=1k,0.0862,6
1024,n<=32,sr<=15%,kvB<=1k,kp<=2k,0.0781,6
1024,n<=32,sr<=15%,kvB<=1k,kp<=512,0.0687,6
1024,n<=32,sr<=15%,kvB<=1k,kp=0,0.1127,6
1024,n<=32,sr<=15%,kvB<=2k,kp<=1k,0.0681,3
1024,n<=32,sr<=15%,kvB<=2k,kp<=2k,0.0252,3
1024,n<=32,sr<=15%,kvB<=2k,kp<=512,0.1562,3
1024,n<=32,sr<=15%,kvB<=2k,kp=0,0.206,3
1024,n<=32,sr<=40%,kvB<=1k,kp<=1k,0.1653,2
1024,n<=32,sr<=40%,kvB<=1k,kp<=2k,0.1221,2
1024,n<=32,sr<=40%,kvB<=1k,kp<=512,0.0701,2
1024,n<=32,sr<=40%,kvB<=1k,kp=0,0.1694,2
1024,n<=32,sr<=40%,kvB<=2k,kp<=1k,0.1045,1
1024,n<=32,sr<=40%,kvB<=2k,kp<=2k,0.0137,1
1024,n<=32,sr<=40%,kvB<=2k,kp<=512,0.1712,1
1024,n<=32,sr<=40%,kvB<=2k,kp=0,0.1728,1
1024,n<=32,sr<=5%,kvB<=1k,kp<=1k,0.0128,2
1024,n<=32,sr<=5%,kvB<=1k,kp<=2k,0.0271,2
1024,n<=32,sr<=5%,kvB<=1k,kp<=512,0.0191,2
1024,n<=32,sr<=5%,kvB<=1k,kp=0,0.0585,2
1024,n<=32,sr<=5%,kvB<=2k,kp<=1k,0.0411,1
1024,n<=32,sr<=5%,kvB<=2k,kp<=2k,0.0267,1
1024,n<=32,sr<=5%,kvB<=2k,kp<=512,0.1422,1
1024,n<=32,sr<=5%,kvB<=2k,kp=0,0.2068,1
1024,n<=32,sr<=70%,kvB<=1k,kp<=1k,0.0847,2
1024,n<=32,sr<=70%,kvB<=1k,kp<=2k,-0.01,2
1024,n<=32,sr<=70%,kvB<=1k,kp<=512,0.0677,2
1024,n<=32,sr<=70%,kvB<=1k,kp=0,0.1457,2
1024,n<=32,sr<=70%,kvB<=2k,kp<=1k,0.1509,1
1024,n<=32,sr<=70%,kvB<=2k,kp<=2k,0.0094,1
1024,n<=32,sr<=70%,kvB<=2k,kp<=512,0.15,1
1024,n<=32,sr<=70%,kvB<=2k,kp=0,0.1618,1
1024,n<=32,sr>70%,kvB<=1k,kp<=1k,0.2489,4
1024,n<=32,sr>70%,kvB<=1k,kp<=2k,0.2762,4
1024,n<=32,sr>70%,kvB<=1k,kp<=512,0.2655,4
1024,n<=32,sr>70%,kvB<=1k,kp=0,0.297,4
1024,n<=32,sr>70%,kvB<=2k,kp<=1k,0.1927,2
1024,n<=32,sr>70%,kvB<=2k,kp<=2k,0.0045,2
1024,n<=32,sr>70%,kvB<=2k,kp<=512,0.3006,2
1024,n<=32,sr>70%,kvB<=2k,kp=0,0.2897,2
1024,n<=4,sr<=40%,kvB<=1k,kp<=1k,-0.0371,2
1024,n<=4,sr<=40%,kvB<=1k,kp<=2k,0.043,2
1024,n<=4,sr<=40%,kvB<=1k,kp<=512,0.0533,2
1024,n<=4,sr<=40%,kvB<=1k,kp=0,0.3836,2
1024,n<=4,sr<=40%,kvB<=2k,kp<=1k,0.3587,1
1024,n<=4,sr<=40%,kvB<=2k,kp<=2k,0.2427,1
1024,n<=4,sr<=40%,kvB<=2k,kp<=512,0.5661,1
1024,n<=4,sr<=40%,kvB<=2k,kp=0,0.8246,1
1024,n<=4,sr<=70%,kvB<=1k,kp<=1k,-1.1941,2
1024,n<=4,sr<=70%,kvB<=1k,kp<=2k,-0.8377,2
1024,n<=4,sr<=70%,kvB<=1k,kp<=512,-1.3475,1
1024,n<=4,sr<=70%,kvB<=1k,kp=0,0.5342,2
1024,n<=4,sr<=70%,kvB<=2k,kp<=1k,0.6254,1
1024,n<=4,sr<=70%,kvB<=2k,kp<=512,0.6415,1
1024,n<=4,sr<=70%,kvB<=2k,kp=0,0.8039,1
1024,n<=4,sr>70%,kvB<=1k,kp<=1k,-0.5552,1
1024,n<=4,sr>70%,kvB<=1k,kp<=2k,-1.3862,2
1024,n<=4,sr>70%,kvB<=1k,kp<=512,-1.1654,2
1024,n<=4,sr>70%,kvB<=1k,kp=0,0.6943,2
1024,n<=4,sr>70%,kvB<=2k,kp<=1k,0.8143,1
1024,n<=4,sr>70%,kvB<=2k,kp<=2k,59.6552,1
1024,n<=4,sr>70%,kvB<=2k,kp<=512,0.5653,1
1024,n<=4,sr>70%,kvB<=2k,kp=0,0.8285,1
1024,n<=512,sr<=15%,kvB<=1k,kp<=2k,-0.2828,2
1024,n<=512,sr<=15%,kvB<=1k,kp<=512,0.0799,2
1024,n<=512,sr<=15%,kvB<=1k,kp=0,0.0799,2
1024,n<=512,sr<=15%,kvB<=2k,kp<=2k,0.0459,2
1024,n<=512,sr<=15%,kvB<=2k,kp<=512,0.0464,2
1024,n<=512,sr<=15%,kvB<=2k,kp=0,-0.0873,2
1024,n<=512,sr<=40%,kvB<=1k,kp<=2k,0.2248,1
1024,n<=512,sr<=40%,kvB<=1k,kp=0,1.7955,1
1024,n<=512,sr<=40%,kvB<=2k,kp<=2k,0.0005,1
1024,n<=512,sr<=40%,kvB<=2k,kp<=512,1.0774,1
1024,n<=512,sr<=40%,kvB<=2k,kp=0,0.0026,1
1024,n<=512,sr<=5%,kvB<=1k,kp<=2k,0.001,4
1024,n<=512,sr<=5%,kvB<=1k,kp<=512,0.0012,4
1024,n<=512,sr<=5%,kvB<=1k,kp=0,-0.072,4
1024,n<=512,sr<=5%,kvB<=2k,kp<=2k,0.0025,4
1024,n<=512,sr<=5%,kvB<=2k,kp<=512,-0.0554,4
1024,n<=512,sr<=5%,kvB<=2k,kp=0,0.0025,4
1024,n<=512,sr<=70%,kvB<=1k,kp<=2k,0.2159,1
1024,n<=512,sr<=70%,kvB<=1k,kp<=512,0.2178,1
1024,n<=512,sr<=70%,kvB<=2k,kp<=2k,4.3086,1
1024,n<=512,sr<=70%,kvB<=2k,kp<=512,0.0009,1
1024,n<=512,sr<=70%,kvB<=2k,kp=0,0.0017,1
1024,n<=512,sr>70%,kvB<=1k,kp<=2k,-3.9264,2
1024,n<=512,sr>70%,kvB<=1k,kp<=512,0.4117,2
1024,n<=512,sr>70%,kvB<=1k,kp=0,0.4128,2
1024,n<=512,sr>70%,kvB<=2k,kp<=2k,0.0768,2
1024,n<=512,sr>70%,kvB<=2k,kp<=512,0.0661,2
1024,n<=512,sr>70%,kvB<=2k,kp=0,0.0753,2
1024,n<=64,sr<=15%,kvB<=1k,kp<=1k,0.0792,4
1024,n<=64,sr<=15%,kvB<=1k,kp<=2k,0.085,4
1024,n<=64,sr<=15%,kvB<=1k,kp<=512,0.0704,4
1024,n<=64,sr<=15%,kvB<=1k,kp=0,0.0959,4
1024,n<=64,sr<=15%,kvB<=2k,kp<=1k,0.0664,2
1024,n<=64,sr<=15%,kvB<=2k,kp<=2k,0.0422,2
1024,n<=64,sr<=15%,kvB<=2k,kp<=512,0.1102,2
1024,n<=64,sr<=15%,kvB<=2k,kp=0,0.1206,2
1024,n<=64,sr<=40%,kvB<=1k,kp<=1k,0.1218,2
1024,n<=64,sr<=40%,kvB<=1k,kp<=2k,0.1355,2
1024,n<=64,sr<=40%,kvB<=1k,kp<=512,0.1048,2
1024,n<=64,sr<=40%,kvB<=1k,kp=0,0.1314,2
1024,n<=64,sr<=40%,kvB<=2k,kp<=1k,0.0394,1
1024,n<=64,sr<=40%,kvB<=2k,kp<=2k,-0.0109,1
1024,n<=64,sr<=40%,kvB<=2k,kp<=512,0.0595,1
1024,n<=64,sr<=40%,kvB<=2k,kp=0,0.0584,1
1024,n<=64,sr<=5%,kvB<=1k,kp<=1k,0.0227,6
1024,n<=64,sr<=5%,kvB<=1k,kp<=2k,0.0235,6
1024,n<=64,sr<=5%,kvB<=1k,kp<=512,0.0202,6
1024,n<=64,sr<=5%,kvB<=1k,kp=0,0.0412,6
1024,n<=64,sr<=5%,kvB<=2k,kp<=1k,0.043,3
1024,n<=64,sr<=5%,kvB<=2k,kp<=2k,0.0216,3
1024,n<=64,sr<=5%,kvB<=2k,kp<=512,0.0886,3
1024,n<=64,sr<=5%,kvB<=2k,kp=0,0.1054,3
1024,n<=64,sr<=70%,kvB<=1k,kp<=1k,0.064,2
1024,n<=64,sr<=70%,kvB<=1k,kp<=2k,0.1214,2
1024,n<=64,sr<=70%,kvB<=1k,kp<=512,0.0626,2
1024,n<=64,sr<=70%,kvB<=1k,kp=0,0.0709,2
1024,n<=64,sr<=70%,kvB<=2k,kp<=1k,0.0722,1
1024,n<=64,sr<=70%,kvB<=2k,kp<=2k,-0.0279,1
1024,n<=64,sr<=70%,kvB<=2k,kp<=512,0.0579,1
1024,n<=64,sr<=70%,kvB<=2k,kp=0,0.035,1
1024,n<=64,sr>70%,kvB<=1k,kp<=1k,0.3162,4
1024,n<=64,sr>70%,kvB<=1k,kp<=2k,0.3625,4
1024,n<=64,sr>70%,kvB<=1k,kp<=512,0.3384,4
1024,n<=64,sr>70%,kvB<=1k,kp=0,0.2932,4
1024,n<=64,sr>70%,kvB<=2k,kp<=1k,0.2265,2
1024,n<=64,sr>70%,kvB<=2k,kp<=2k,0.156,2
1024,n<=64,sr>70%,kvB<=2k,kp<=512,0.1638,2
1024,n<=64,sr>70%,kvB<=2k,kp=0,0.1147,2
1024,n<=8,sr<=15%,kvB<=1k,kp<=1k,0.0553,2
1024,n<=8,sr<=15%,kvB<=1k,kp<=2k,0.0252,2
1024,n<=8,sr<=15%,kvB<=1k,kp<=512,0.063,2
1024,n<=8,sr<=15%,kvB<=1k,kp=0,0.2235,2
1024,n<=8,sr<=15%,kvB<=2k,kp<=1k,0.0916,1
1024,n<=8,sr<=15%,kvB<=2k,kp<=2k,-0.0041,1
1024,n<=8,sr<=15%,kvB<=2k,kp<=512,0.4531,1
1024,n<=8,sr<=15%,kvB<=2k,kp=0,0.542,1
1024,n<=8,sr<=40%,kvB<=1k,kp<=1k,0.0147,4
1024,n<=8,sr<=40%,kvB<=1k,kp<=2k,-0.0395,4
1024,n<=8,sr<=40%,kvB<=1k,kp<=512,0.0986,4
1024,n<=8,sr<=40%,kvB<=1k,kp=0,0.3345,4
1024,n<=8,sr<=40%,kvB<=2k,kp<=1k,0.1379,2
1024,n<=8,sr<=40%,kvB<=2k,kp<=2k,-0.177,2
1024,n<=8,sr<=40%,kvB<=2k,kp<=512,0.5438,2
1024,n<=8,sr<=40%,kvB<=2k,kp=0,0.5329,2
1024,n<=8,sr<=70%,kvB<=1k,kp<=1k,0.1909,2
1024,n<=8,sr<=70%,kvB<=1k,kp<=2k,-0.0115,2
1024,n<=8,sr<=70%,kvB<=1k,kp<=512,-0.0349,2
1024,n<=8,sr<=70%,kvB<=1k,kp=0,0.3933,2
1024,n<=8,sr<=70%,kvB<=2k,kp<=1k,0.1405,1
1024,n<=8,sr<=70%,kvB<=2k,kp<=2k,-0.4928,1
1024,n<=8,sr<=70%,kvB<=2k,kp<=512,0.5446,1
1024,n<=8,sr<=70%,kvB<=2k,kp=0,0.4924,1
1024,n<=8,sr>70%,kvB<=1k,kp<=1k,0.3297,4
1024,n<=8,sr>70%,kvB<=1k,kp<=2k,0.3414,4
1024,n<=8,sr>70%,kvB<=1k,kp<=512,-0.0049,4
1024,n<=8,sr>70%,kvB<=1k,kp=0,0.5327,4
1024,n<=8,sr>70%,kvB<=2k,kp<=1k,0.5179,2
1024,n<=8,sr>70%,kvB<=2k,kp<=2k,0.5091,2
1024,n<=8,sr>70%,kvB<=2k,kp<=512,0.2761,2
1024,n<=8,sr>70%,kvB<=2k,kp=0,0.3606,2
2048,n<=128,sr<=15%,kvB<=1k,kp<=1k,0.0747,4
2048,n<=128,sr<=15%,kvB<=1k,kp<=512,0.0727,4
2048,n<=128,sr<=15%,kvB<=1k,kp=0,0.0768,4
2048,n<=128,sr<=15%,kvB<=2k,kp<=1k,0.0444,2
2048,n<=128,sr<=15%,kvB<=2k,kp<=512,0.0455,2
2048,n<=128,sr<=15%,kvB<=2k,kp=0,0.0443,2
2048,n<=128,sr<=40%,kvB<=1k,kp<=1k,0.1147,2
2048,n<=128,sr<=40%,kvB<=1k,kp<=512,0.0962,2
2048,n<=128,sr<=40%,kvB<=1k,kp=0,0.0888,2
2048,n<=128,sr<=40%,kvB<=2k,kp<=1k,-0.0135,1
2048,n<=128,sr<=40%,kvB<=2k,kp<=512,-0.0104,1
2048,n<=128,sr<=40%,kvB<=2k,kp=0,-0.0086,1
2048,n<=128,sr<=5%,kvB<=1k,kp<=1k,0.012,8
2048,n<=128,sr<=5%,kvB<=1k,kp<=512,0.0117,8
2048,n<=128,sr<=5%,kvB<=1k,kp=0,0.0121,8
2048,n<=128,sr<=5%,kvB<=2k,kp<=1k,0.0142,4
2048,n<=128,sr<=5%,kvB<=2k,kp<=512,0.0156,4
2048,n<=128,sr<=5%,kvB<=2k,kp=0,0.0147,4
2048,n<=128,sr<=70%,kvB<=1k,kp<=1k,0.0308,2
2048,n<=128,sr<=70%,kvB<=1k,kp<=512,-0.0081,2
2048,n<=128,sr<=70%,kvB<=1k,kp=0,-0.008,2
2048,n<=128,sr<=70%,kvB<=2k,kp<=1k,-0.014,1
2048,n<=128,sr<=70%,kvB<=2k,kp<=512,-0.0274,1
2048,n<=128,sr<=70%,kvB<=2k,kp=0,-0.0238,1
2048,n<=128,sr>70%,kvB<=1k,kp<=1k,0.2348,4
2048,n<=128,sr>70%,kvB<=1k,kp<=512,0.2206,4
2048,n<=128,sr>70%,kvB<=1k,kp=0,0.2205,4
2048,n<=128,sr>70%,kvB<=2k,kp<=1k,0.1168,2
2048,n<=128,sr>70%,kvB<=2k,kp<=512,0.1236,2
2048,n<=128,sr>70%,kvB<=2k,kp=0,0.1099,2
2048,n<=16,sr<=15%,kvB<=1k,kp<=1k,0.058,4
2048,n<=16,sr<=15%,kvB<=1k,kp<=512,0.0695,4
2048,n<=16,sr<=15%,kvB<=1k,kp=0,0.0721,4
2048,n<=16,sr<=15%,kvB<=2k,kp<=1k,0.032,2
2048,n<=16,sr<=15%,kvB<=2k,kp<=512,0.044,2
2048,n<=16,sr<=15%,kvB<=2k,kp=0,0.1095,2
2048,n<=16,sr<=40%,kvB<=1k,kp<=1k,0.0881,4
2048,n<=16,sr<=40%,kvB<=1k,kp<=512,0.0803,4
2048,n<=16,sr<=40%,kvB<=1k,kp=0,0.0993,4
2048,n<=16,sr<=40%,kvB<=2k,kp<=1k,-0.0285,2
2048,n<=16,sr<=40%,kvB<=2k,kp<=512,0.0574,2
2048,n<=16,sr<=40%,kvB<=2k,kp=0,0.149,2
2048,n<=16,sr<=70%,kvB<=1k,kp<=1k,-0.025,2
2048,n<=16,sr<=70%,kvB<=1k,kp<=512,0.0641,2
2048,n<=16,sr<=70%,kvB<=1k,kp=0,0.1154,2
2048,n<=16,sr<=70%,kvB<=2k,kp<=1k,0.0293,1
2048,n<=16,sr<=70%,kvB<=2k,kp<=512,0.015,1
2048,n<=16,sr<=70%,kvB<=2k,kp=0,0.2406,1
2048,n<=16,sr>70%,kvB<=1k,kp<=1k,0.143,4
2048,n<=16,sr>70%,kvB<=1k,kp<=512,0.2298,4
2048,n<=16,sr>70%,kvB<=1k,kp=0,0.3184,4
2048,n<=16,sr>70%,kvB<=2k,kp<=1k,0.0666,2
2048,n<=16,sr>70%,kvB<=2k,kp<=512,0.242,2
2048,n<=16,sr>70%,kvB<=2k,kp=0,0.3168,2
2048,n<=2,sr<=70%,kvB<=1k,kp<=1k,0.099,2
2048,n<=2,sr<=70%,kvB<=1k,kp<=512,0.0631,2
2048,n<=2,sr<=70%,kvB<=1k,kp=0,0.2303,2
2048,n<=2,sr<=70%,kvB<=2k,kp<=1k,-0.5035,1
2048,n<=2,sr<=70%,kvB<=2k,kp<=512,-0.5244,1
2048,n<=2,sr<=70%,kvB<=2k,kp=0,0.3492,1
2048,n<=32,sr<=15%,kvB<=1k,kp<=1k,0.0884,6
2048,n<=32,sr<=15%,kvB<=1k,kp<=512,0.0818,6
2048,n<=32,sr<=15%,kvB<=1k,kp=0,0.0802,6
2048,n<=32,sr<=15%,kvB<=2k,kp<=1k,0.0263,3
2048,n<=32,sr<=15%,kvB<=2k,kp<=512,0.0182,3
2048,n<=32,sr<=15%,kvB<=2k,kp=0,0.0813,3
2048,n<=32,sr<=40%,kvB<=1k,kp<=1k,0.1205,2
2048,n<=32,sr<=40%,kvB<=1k,kp<=512,0.1093,2
2048,n<=32,sr<=40%,kvB<=1k,kp=0,0.0961,2
2048,n<=32,sr<=40%,kvB<=2k,kp<=1k,-0.0409,1
2048,n<=32,sr<=40%,kvB<=2k,kp<=512,-0.0325,1
2048,n<=32,sr<=40%,kvB<=2k,kp=0,0.1206,1
2048,n<=32,sr<=5%,kvB<=1k,kp<=1k,0.0314,2
2048,n<=32,sr<=5%,kvB<=1k,kp<=512,0.0276,2
2048,n<=32,sr<=5%,kvB<=1k,kp=0,0.027,2
2048,n<=32,sr<=5%,kvB<=2k,kp<=1k,0.0253,1
2048,n<=32,sr<=5%,kvB<=2k,kp<=512,0.0185,1
2048,n<=32,sr<=5%,kvB<=2k,kp=0,0.0548,1
2048,n<=32,sr<=70%,kvB<=1k,kp<=1k,0.0553,2
2048,n<=32,sr<=70%,kvB<=1k,kp<=512,-0.0007,2
2048,n<=32,sr<=70%,kvB<=1k,kp=0,0.058,2
2048,n<=32,sr<=70%,kvB<=2k,kp<=1k,-0.0182,1
2048,n<=32,sr<=70%,kvB<=2k,kp<=512,0.0903,1
2048,n<=32,sr<=70%,kvB<=2k,kp=0,0.1002,1
2048,n<=32,sr>70%,kvB<=1k,kp<=1k,0.2809,4
2048,n<=32,sr>70%,kvB<=1k,kp<=512,0.2765,4
2048,n<=32,sr>70%,kvB<=1k,kp=0,0.2519,4
2048,n<=32,sr>70%,kvB<=2k,kp<=1k,0.2,2
2048,n<=32,sr>70%,kvB<=2k,kp<=512,0.2173,2
2048,n<=32,sr>70%,kvB<=2k,kp=0,0.1467,2
2048,n<=4,sr<=40%,kvB<=1k,kp<=1k,0.1331,2
2048,n<=4,sr<=40%,kvB<=1k,kp<=512,0.1549,2
2048,n<=4,sr<=40%,kvB<=1k,kp=0,0.1083,2
2048,n<=4,sr<=40%,kvB<=2k,kp<=1k,-0.0308,1
2048,n<=4,sr<=40%,kvB<=2k,kp<=512,-0.0688,1
2048,n<=4,sr<=40%,kvB<=2k,kp=0,0.1456,1
2048,n<=4,sr<=70%,kvB<=1k,kp<=1k,-0.0672,2
2048,n<=4,sr<=70%,kvB<=1k,kp<=512,-0.0677,2
2048,n<=4,sr<=70%,kvB<=1k,kp=0,0.1704,2
2048,n<=4,sr<=70%,kvB<=2k,kp<=1k,0.2028,1
2048,n<=4,sr<=70%,kvB<=2k,kp<=512,-0.7728,1
2048,n<=4,sr<=70%,kvB<=2k,kp=0,0.3601,1
2048,n<=4,sr>70%,kvB<=1k,kp<=1k,-0.2347,2
2048,n<=4,sr>70%,kvB<=1k,kp<=512,-0.0186,2
2048,n<=4,sr>70%,kvB<=1k,kp=0,0.1066,2
2048,n<=4,sr>70%,kvB<=2k,kp<=1k,0.2055,1
2048,n<=4,sr>70%,kvB<=2k,kp<=512,-0.161,1
2048,n<=4,sr>70%,kvB<=2k,kp=0,0.68,1
2048,n<=512,sr<=15%,kvB<=1k,kp<=512,0.0814,2
2048,n<=512,sr<=15%,kvB<=1k,kp=0,0.0456,2
2048,n<=512,sr<=15%,kvB<=2k,kp<=512,0.0469,2
2048,n<=512,sr<=15%,kvB<=2k,kp=0,0.0309,2
2048,n<=512,sr<=40%,kvB<=1k,kp<=512,0.2258,1
2048,n<=512,sr<=40%,kvB<=1k,kp=0,0.2263,1
2048,n<=512,sr<=40%,kvB<=2k,kp<=512,-0.0005,1
2048,n<=512,sr<=40%,kvB<=2k,kp=0,0.0006,1
2048,n<=512,sr<=5%,kvB<=1k,kp<=512,0.0015,4
2048,n<=512,sr<=5%,kvB<=1k,kp=0,-0.2654,4
2048,n<=512,sr<=5%,kvB<=2k,kp<=512,0.0017,4
2048,n<=512,sr<=5%,kvB<=2k,kp=0,0.0025,4
2048,n<=512,sr<=70%,kvB<=1k,kp<=512,0.0391,1
2048,n<=512,sr<=70%,kvB<=2k,kp<=512,-1.6084,1
2048,n<=512,sr<=70%,kvB<=2k,kp=0,0.0012,1
2048,n<=512,sr>70%,kvB<=1k,kp<=512,0.4123,2
2048,n<=512,sr>70%,kvB<=1k,kp=0,8.7988,2
2048,n<=512,sr>70%,kvB<=2k,kp<=512,0.0794,2
2048,n<=512,sr>70%,kvB<=2k,kp=0,0.4621,1
2048,n<=64,sr<=15%,kvB<=1k,kp<=1k,0.0759,4
2048,n<=64,sr<=15%,kvB<=1k,kp<=512,0.0821,4
2048,n<=64,sr<=15%,kvB<=1k,kp=0,0.0788,4
2048,n<=64,sr<=15%,kvB<=2k,kp<=1k,0.0423,2
2048,n<=64,sr<=15%,kvB<=2k,kp<=512,0.0394,2
2048,n<=64,sr<=15%,kvB<=2k,kp=0,0.0772,2
2048,n<=64,sr<=40%,kvB<=1k,kp<=1k,0.1202,2
2048,n<=64,sr<=40%,kvB<=1k,kp<=512,0.1221,2
2048,n<=64,sr<=40%,kvB<=1k,kp=0,0.1173,2
2048,n<=64,sr<=40%,kvB<=2k,kp<=1k,-0.0003,1
2048,n<=64,sr<=40%,kvB<=2k,kp<=512,0.0165,1
2048,n<=64,sr<=40%,kvB<=2k,kp=0,0.029,1
2048,n<=64,sr<=5%,kvB<=1k,kp<=1k,0.0241,6
2048,n<=64,sr<=5%,kvB<=1k,kp<=512,0.0254,6
2048,n<=64,sr<=5%,kvB<=1k,kp=0,0.0213,6
2048,n<=64,sr<=5%,kvB<=2k,kp<=1k,0.0234,3
2048,n<=64,sr<=5%,kvB<=2k,kp<=512,0.0213,3
2048,n<=64,sr<=5%,kvB<=2k,kp=0,0.0467,3
2048,n<=64,sr<=70%,kvB<=1k,kp<=1k,0.0736,2
2048,n<=64,sr<=70%,kvB<=1k,kp<=512,0.0743,2
2048,n<=64,sr<=70%,kvB<=1k,kp=0,0.0695,2
2048,n<=64,sr<=70%,kvB<=2k,kp<=1k,-0.0299,1
2048,n<=64,sr<=70%,kvB<=2k,kp<=512,-0.0053,1
2048,n<=64,sr<=70%,kvB<=2k,kp=0,0.0249,1
2048,n<=64,sr>70%,kvB<=1k,kp<=1k,0.3501,4
2048,n<=64,sr>70%,kvB<=1k,kp<=512,0.3181,4
2048,n<=64,sr>70%,kvB<=1k,kp=0,0.2335,4
2048,n<=64,sr>70%,kvB<=2k,kp<=1k,-0.0279,2
2048,n<=64,sr>70%,kvB<=2k,kp<=512,0.0387,2
2048,n<=64,sr>70%,kvB<=2k,kp=0,0.1639,2
2048,n<=8,sr<=15%,kvB<=1k,kp<=1k,0.1029,2
2048,n<=8,sr<=15%,kvB<=1k,kp<=512,0.0922,2
2048,n<=8,sr<=15%,kvB<=1k,kp=0,0.0889,2
2048,n<=8,sr<=15%,kvB<=2k,kp<=1k,-0.0109,1
2048,n<=8,sr<=15%,kvB<=2k,kp<=512,0.0554,1
2048,n<=8,sr<=15%,kvB<=2k,kp=0,0.1617,1
2048,n<=8,sr<=40%,kvB<=1k,kp<=1k,0.0609,4
2048,n<=8,sr<=40%,kvB<=1k,kp<=512,0.0707,4
2048,n<=8,sr<=40%,kvB<=1k,kp=0,0.1657,4
2048,n<=8,sr<=40%,kvB<=2k,kp<=1k,-0.0396,2
2048,n<=8,sr<=40%,kvB<=2k,kp<=512,0.0292,2
2048,n<=8,sr<=40%,kvB<=2k,kp=0,0.2094,2
2048,n<=8,sr<=70%,kvB<=1k,kp<=1k,0.0541,2
2048,n<=8,sr<=70%,kvB<=1k,kp<=512,0.0411,2
2048,n<=8,sr<=70%,kvB<=1k,kp=0,0.1687,2
2048,n<=8,sr<=70%,kvB<=2k,kp<=1k,0.1092,1
2048,n<=8,sr<=70%,kvB<=2k,kp<=512,-0.1083,1
2048,n<=8,sr<=70%,kvB<=2k,kp=0,0.3444,1
2048,n<=8,sr>70%,kvB<=1k,kp<=1k,0.1716,4
2048,n<=8,sr>70%,kvB<=1k,kp<=512,0.3197,4
2048,n<=8,sr>70%,kvB<=1k,kp=0,0.073,4
2048,n<=8,sr>70%,kvB<=2k,kp<=1k,0.0641,2
2048,n<=8,sr>70%,kvB<=2k,kp<=512,-0.1121,2
2048,n<=8,sr>70%,kvB<=2k,kp=0,0.5815,2
